{"type": "FeatureCollection", "features": [{"type": "Feature", "properties": {"profile": "car", "route": "札幌駅→小樽駅", "engine": "OSRM", "distance_km": 39.006, "duration_min": 29.3}, "geometry": {"type": "LineString", "coordinates": [[141.350217, 43.069338], [141.350217, 43.069338], [141.35006, 43.069284], [141.35, 43.069271], [141.349887, 43.069247], [141.349785, 43.069631], [141.349734, 43.069811], [141.349643, 43.070189], [141.35, 43.070238], [141.350447, 43.070299], [141.350695, 43.070333], [141.351204, 43.070402], [141.35278, 43.070617], [141.353605, 43.070723], [141.354411, 43.07083], [141.354272, 43.071335], [141.354261, 43.071372], [141.354093, 43.071969], [141.35377, 43.073111], [141.353707, 43.07334], [141.353622, 43.073673], [141.353471, 43.074251], [141.353328, 43.074822], [141.353279, 43.075], [141.353171, 43.075395], [141.353051, 43.075814], [141.353009, 43.075961], [141.352969, 43.076107], [141.352906, 43.076291], [141.352808, 43.076523], [141.352541, 43.077084], [141.352313, 43.077533], [141.352262, 43.077634], [141.352223, 43.077735], [141.352045, 43.078194], [141.351838, 43.078764], [141.351623, 43.079324], [141.351446, 43.079792], [141.351411, 43.079883], [141.351376, 43.079952], [141.350888, 43.080898], [141.350838, 43.080994], [141.350795, 43.081078], [141.350553, 43.081548], [141.350267, 43.082102], [141.35, 43.0826], [141.349954, 43.082687], [141.349628, 43.083333], [141.34956, 43.083469], [141.349478, 43.083685], [141.349406, 43.083903], [141.349144, 43.08489], [141.348939, 43.085619], [141.348744, 43.086342], [141.348559, 43.087043], [141.348369, 43.087754], [141.348183, 43.088463], [141.34799, 43.089168], [141.347807, 43.089875], [141.347558, 43.090782], [141.347436, 43.091263], [141.347378, 43.091489], [141.347331, 43.091667], [141.347275, 43.091875], [141.347206, 43.092146], [141.347124, 43.092451], [141.347017, 43.092855], [141.346937, 43.093154], [141.34668, 43.094153], [141.346577, 43.094536], [141.346497, 43.094836], [141.346418, 43.095135], [141.346341, 43.095432], [141.34633, 43.095469], [141.346264, 43.09572], [141.346175, 43.096055], [141.345781, 43.097544], [141.345657, 43.097999], [141.3454, 43.098979], [141.34525, 43.099538], [141.345158, 43.099908], [141.345132, 43.1], [141.34507, 43.100225], [141.344958, 43.10064], [141.344844, 43.101084], [141.3435, 43.100899], [141.341927, 43.100686], [141.341667, 43.100646], [141.340388, 43.100454], [141.339665, 43.100344], [141.33888, 43.100233], [141.338344, 43.10016], [141.338052, 43.100121], [141.337704, 43.100074], [141.337362, 43.100037], [141.336953, 43.1], [141.336659, 43.099971], [141.336303, 43.099944], [141.335785, 43.099912], [141.335319, 43.099908], [141.335073, 43.099904], [141.3349, 43.099902], [141.334168, 43.099917], [141.333545, 43.099944], [141.333333, 43.099956], [141.333163, 43.099965], [141.332838, 43.1], [141.332743, 43.10001], [141.332319, 43.100042], [141.331931, 43.100082], [141.331335, 43.100153], [141.330688, 43.10025], [141.330321, 43.100338], [141.329895, 43.100414], [141.329397, 43.100517], [141.328739, 43.10067], [141.325772, 43.101409], [141.325197, 43.101547], [141.325, 43.101596], [141.324745, 43.10166], [141.32418, 43.101802], [141.323902, 43.101874], [141.323489, 43.10197], [141.323011, 43.102062], [141.322619, 43.102136], [141.322222, 43.10221], [141.321634, 43.102273], [141.321393, 43.102298], [141.320992, 43.102346], [141.320365, 43.102402], [141.319691, 43.102447], [141.319644, 43.102452], [141.31899, 43.102477], [141.318686, 43.102476], [141.318041, 43.10248], [141.317681, 43.102474], [141.317216, 43.102456], [141.316733, 43.102428], [141.316667, 43.102423], [141.316472, 43.102407], [141.316149, 43.102383], [141.315601, 43.102323], [141.315013, 43.102254], [141.314516, 43.102161], [141.313896, 43.102054], [141.313557, 43.101971], [141.312704, 43.101769], [141.311874, 43.101564], [141.311362, 43.101394], [141.310532, 43.101133], [141.310287, 43.101104], [141.309675, 43.100905], [141.309054, 43.100708], [141.308968, 43.100677], [141.308333, 43.100494], [141.308299, 43.100483], [141.308181, 43.100446], [141.307897, 43.100357], [141.307373, 43.100189], [141.306744, 43.1], [141.306635, 43.099967], [141.305203, 43.099524], [141.304785, 43.099388], [141.304266, 43.09922], [141.302789, 43.09876], [141.301416, 43.098327], [141.301012, 43.0982], [141.300435, 43.098017], [141.3, 43.097879], [141.299961, 43.097866], [141.298728, 43.097477], [141.298611, 43.09744], [141.297881, 43.097205], [141.297349, 43.097044], [141.296037, 43.096633], [141.295955, 43.096607], [141.294843, 43.096262], [141.293717, 43.0959], [141.293606, 43.095863], [141.292594, 43.095536], [141.292562, 43.095525], [141.292121, 43.095382], [141.291919, 43.095345], [141.291667, 43.095267], [141.290074, 43.094775], [141.287145, 43.093857], [141.285483, 43.093322], [141.285172, 43.093232], [141.284674, 43.093086], [141.284457, 43.093016], [141.283506, 43.092745], [141.283333, 43.092701], [141.282763, 43.092559], [141.281958, 43.092377], [141.281047, 43.092179], [141.280905, 43.092152], [141.280041, 43.091983], [141.2789, 43.091776], [141.278559, 43.09173], [141.278217, 43.091667], [141.27787, 43.091596], [141.27717, 43.091474], [141.275285, 43.091124], [141.275, 43.091073], [141.274743, 43.091027], [141.273678, 43.090839], [141.272446, 43.090616], [141.270206, 43.090218], [141.269842, 43.090173], [141.269491, 43.090411], [141.269235, 43.090559], [141.268882, 43.090772], [141.267757, 43.091419], [141.267604, 43.091508], [141.267333, 43.091667], [141.266667, 43.092057], [141.266266, 43.092291], [141.265616, 43.092666], [141.264388, 43.093379], [141.264039, 43.093584], [141.26306, 43.094154], [141.262338, 43.094575], [141.261521, 43.095052], [141.260509, 43.095644], [141.259495, 43.096226], [141.258574, 43.09677], [141.258333, 43.096907], [141.25776, 43.097236], [141.257412, 43.097441], [141.256489, 43.097976], [141.255914, 43.09832], [141.255804, 43.098386], [141.255663, 43.098471], [141.255556, 43.098528], [141.255508, 43.098554], [141.254968, 43.098868], [141.254947, 43.098881], [141.254786, 43.098985], [141.254606, 43.099112], [141.254424, 43.099255], [141.254248, 43.09942], [141.254174, 43.09949], [141.254085, 43.099578], [141.253972, 43.099704], [141.253778, 43.099939], [141.25374, 43.1], [141.25373, 43.100016], [141.253561, 43.10031], [141.25337, 43.100618], [141.253258, 43.100797], [141.253031, 43.101189], [141.252959, 43.101329], [141.252789, 43.101656], [141.252764, 43.101704], [141.252759, 43.101715], [141.252681, 43.101905], [141.25259, 43.102094], [141.252471, 43.102379], [141.252336, 43.102728], [141.252148, 43.103197], [141.252123, 43.103258], [141.25189, 43.103843], [141.251754, 43.104164], [141.251619, 43.10449], [141.25127, 43.105332], [141.251017, 43.105936], [141.250901, 43.106213], [141.250631, 43.106861], [141.250561, 43.107038], [141.250348, 43.107569], [141.250332, 43.107607], [141.250019, 43.108333], [141.25, 43.108383], [141.249951, 43.108501], [141.249766, 43.108924], [141.249711, 43.109048], [141.249439, 43.109717], [141.249371, 43.109873], [141.249163, 43.110237], [141.248971, 43.110492], [141.248676, 43.110918], [141.248424, 43.11128], [141.248374, 43.11135], [141.248237, 43.111538], [141.248002, 43.111864], [141.247831, 43.112113], [141.247799, 43.112157], [141.247506, 43.112572], [141.247261, 43.112839], [141.246982, 43.113084], [141.246791, 43.113223], [141.246712, 43.11328], [141.246225, 43.113634], [141.245714, 43.114019], [141.244986, 43.114556], [141.244604, 43.114829], [141.244037, 43.115255], [141.243809, 43.115423], [141.243339, 43.115774], [141.242247, 43.116579], [141.242161, 43.116641], [141.242124, 43.116667], [141.242068, 43.116706], [141.241809, 43.116905], [141.241738, 43.116959], [141.241667, 43.117008], [141.241607, 43.11705], [141.241223, 43.117332], [141.241008, 43.117494], [141.240165, 43.118122], [141.239477, 43.118614], [141.23922, 43.118798], [141.238396, 43.119423], [141.238213, 43.119558], [141.237784, 43.119876], [141.237335, 43.120195], [141.237335, 43.120195], [141.237179, 43.120306], [141.236989, 43.120441], [141.236499, 43.120791], [141.236225, 43.120961], [141.23612, 43.121017], [141.236002, 43.121068], [141.235784, 43.121151], [141.235478, 43.121242], [141.23536, 43.121277], [141.235074, 43.121343], [141.234743, 43.121395], [141.234615, 43.121409], [141.234172, 43.121458], [141.233528, 43.121509], [141.233333, 43.121525], [141.232028, 43.121634], [141.2311, 43.121704], [141.230855, 43.121721], [141.230096, 43.12178], [141.229697, 43.121811], [141.229299, 43.12186], [141.228976, 43.121913], [141.228705, 43.12196], [141.228386, 43.122027], [141.22802, 43.122107], [141.227506, 43.122287], [141.226745, 43.122591], [141.226051, 43.12289], [141.22532, 43.123205], [141.225, 43.123337], [141.224931, 43.123366], [141.224037, 43.123745], [141.223874, 43.123814], [141.222794, 43.12427], [141.222216, 43.124514], [141.221228, 43.124931], [141.221065, 43.125], [141.220986, 43.125033], [141.220147, 43.125389], [141.219797, 43.125541], [141.219324, 43.125738], [141.219264, 43.125763], [141.218426, 43.126117], [141.216787, 43.126807], [141.216667, 43.126862], [141.215812, 43.127253], [141.215565, 43.127377], [141.215022, 43.127657], [141.214547, 43.127901], [141.214452, 43.12795], [141.213357, 43.128514], [141.213305, 43.128541], [141.212913, 43.128749], [141.212097, 43.129162], [141.211144, 43.129657], [141.210964, 43.129752], [141.210591, 43.129943], [141.210078, 43.130208], [141.209718, 43.13035], [141.209328, 43.130479], [141.209196, 43.130513], [141.208871, 43.130597], [141.208559, 43.130664], [141.208333, 43.130701], [141.207869, 43.130765], [141.20698, 43.130891], [141.20656, 43.13095], [141.206022, 43.13103], [141.205087, 43.131161], [141.204314, 43.131272], [141.20398, 43.13132], [141.203304, 43.131417], [141.202675, 43.131508], [141.202119, 43.131593], [141.20072, 43.131779], [141.200315, 43.13179], [141.2, 43.131796], [141.199955, 43.131797], [141.199313, 43.131793], [141.198574, 43.131786], [141.197063, 43.131764], [141.196801, 43.131762], [141.195827, 43.131768], [141.195359, 43.131758], [141.195126, 43.131744], [141.194402, 43.131697], [141.193859, 43.131652], [141.193588, 43.131623], [141.193272, 43.131595], [141.193156, 43.131587], [141.19302, 43.131578], [141.192965, 43.131579], [141.192513, 43.13159], [141.192312, 43.131608], [141.192199, 43.131619], [141.192131, 43.131625], [141.192043, 43.131633], [141.191744, 43.13167], [141.191667, 43.131687], [141.191237, 43.131782], [141.190665, 43.131911], [141.189958, 43.132071], [141.189158, 43.132252], [141.188881, 43.132314], [141.1873, 43.132672], [141.186627, 43.132844], [141.186032, 43.132998], [141.185961, 43.13302], [141.185512, 43.133156], [141.185217, 43.133265], [141.185177, 43.133284], [141.18507, 43.133333], [141.185054, 43.13334], [141.184928, 43.133398], [141.184761, 43.133478], [141.184434, 43.133627], [141.184056, 43.133813], [141.183925, 43.133877], [141.183867, 43.133906], [141.183785, 43.133948], [141.183531, 43.134081], [141.183333, 43.134176], [141.183158, 43.134264], [141.182793, 43.134438], [141.182684, 43.13449], [141.182345, 43.134649], [141.181961, 43.134803], [141.181365, 43.135004], [141.18108, 43.135059], [141.180769, 43.135105], [141.18047, 43.135142], [141.180209, 43.135169], [141.179798, 43.135167], [141.17935, 43.135144], [141.178889, 43.135103], [141.17818, 43.135079], [141.177523, 43.135069], [141.177314, 43.135068], [141.176821, 43.135073], [141.176452, 43.135087], [141.176236, 43.135106], [141.175744, 43.135163], [141.175634, 43.135181], [141.175246, 43.135247], [141.175, 43.1353], [141.174708, 43.135363], [141.17378, 43.135655], [141.173424, 43.135773], [141.173318, 43.135803], [141.172838, 43.135938], [141.172634, 43.135995], [141.172494, 43.136031], [141.172146, 43.13612], [141.171559, 43.13627], [141.171313, 43.136333], [141.170822, 43.136479], [141.170446, 43.136642], [141.170077, 43.136856], [141.168967, 43.1377], [141.168774, 43.137836], [141.168544, 43.137955], [141.168252, 43.138077], [141.167997, 43.138164], [141.167566, 43.138263], [141.167075, 43.138375], [141.166667, 43.138463], [141.166498, 43.1385], [141.166447, 43.138505], [141.165797, 43.138628], [141.165363, 43.138699], [141.165146, 43.138712], [141.164476, 43.138751], [141.164088, 43.138759], [141.163401, 43.138779], [141.16321, 43.138791], [141.162953, 43.138803], [141.16261, 43.138843], [141.162209, 43.138916], [141.161873, 43.138977], [141.161017, 43.139139], [141.160431, 43.139249], [141.159434, 43.139436], [141.15917, 43.139487], [141.158577, 43.139601], [141.158405, 43.139634], [141.158333, 43.139647], [141.158303, 43.139653], [141.158279, 43.139657], [141.157899, 43.139724], [141.157597, 43.13978], [141.15726, 43.139842], [141.156282, 43.140023], [141.156214, 43.14003], [141.156049, 43.140064], [141.154704, 43.140323], [141.154621, 43.140341], [141.154402, 43.140379], [141.154226, 43.140409], [141.153583, 43.140519], [141.152938, 43.140643], [141.152533, 43.140731], [141.152043, 43.140879], [141.151709, 43.141007], [141.151127, 43.141333], [141.150578, 43.141667], [141.150004, 43.142015], [141.15, 43.142017], [141.149699, 43.142193], [141.149477, 43.142304], [141.149396, 43.142345], [141.149044, 43.142496], [141.148341, 43.142786], [141.14686, 43.143367], [141.146154, 43.143647], [141.145388, 43.143951], [141.144988, 43.144107], [141.144938, 43.144126], [141.144467, 43.144319], [141.144402, 43.144346], [141.143822, 43.144585], [141.143216, 43.144822], [141.142847, 43.144968], [141.141676, 43.145425], [141.141667, 43.145429], [141.141489, 43.145501], [141.140817, 43.145773], [141.139045, 43.146491], [141.13891, 43.14656], [141.138169, 43.146937], [141.137876, 43.147122], [141.137584, 43.147305], [141.137573, 43.147312], [141.13704, 43.147727], [141.137032, 43.147734], [141.136831, 43.147891], [141.136028, 43.148516], [141.135762, 43.148673], [141.135344, 43.148929], [141.135111, 43.149057], [141.134868, 43.149191], [141.134181, 43.149517], [141.13376, 43.149717], [141.133554, 43.14985], [141.133448, 43.149919], [141.133339, 43.15], [141.133333, 43.150004], [141.133139, 43.150149], [141.13306, 43.150225], [141.13293, 43.150348], [141.13269, 43.150604], [141.132588, 43.150716], [141.132375, 43.150948], [141.132137, 43.151145], [141.131952, 43.151274], [141.131614, 43.151471], [141.131307, 43.15164], [141.131182, 43.151711], [141.130299, 43.152124], [141.129573, 43.152463], [141.129251, 43.152613], [141.129133, 43.152668], [141.128673, 43.152883], [141.128206, 43.153086], [141.127993, 43.153159], [141.12771, 43.153234], [141.12743, 43.153293], [141.127345, 43.153303], [141.127099, 43.153333], [141.126877, 43.153345], [141.126495, 43.153338], [141.125765, 43.153308], [141.125753, 43.153308], [141.125, 43.153275], [141.122504, 43.153169], [141.121854, 43.153142], [141.12091, 43.153102], [141.119404, 43.153038], [141.119189, 43.153028], [141.118438, 43.152995], [141.118315, 43.152988], [141.118235, 43.152984], [141.117458, 43.152949], [141.116719, 43.152916], [141.116667, 43.152915], [141.116307, 43.152905], [141.115755, 43.15289], [141.115247, 43.152879], [141.114595, 43.152825], [141.114468, 43.152806], [141.113975, 43.152733], [141.113687, 43.152671], [141.112329, 43.152399], [141.112299, 43.152394], [141.111891, 43.152347], [141.111791, 43.152336], [141.111651, 43.152333], [141.111413, 43.152336], [141.111201, 43.152358], [141.111067, 43.152379], [141.110966, 43.152402], [141.110826, 43.152434], [141.110583, 43.152521], [141.110323, 43.152655], [141.110102, 43.152802], [141.109906, 43.152976], [141.109784, 43.153115], [141.109714, 43.153228], [141.109618, 43.153432], [141.109544, 43.15363], [141.109521, 43.153834], [141.10956, 43.154065], [141.109585, 43.154185], [141.109609, 43.154299], [141.109633, 43.154357], [141.109682, 43.154469], [141.109702, 43.154504], [141.109753, 43.154581], [141.109831, 43.154672], [141.109931, 43.154771], [141.110006, 43.15484], [141.110084, 43.154905], [141.110186, 43.154978], [141.110477, 43.155186], [141.110726, 43.155348], [141.110911, 43.155475], [141.111058, 43.155564], [141.111852, 43.156032], [141.112086, 43.156227], [141.112199, 43.156344], [141.112321, 43.156487], [141.112437, 43.156652], [141.112517, 43.156797], [141.112558, 43.157009], [141.112554, 43.157221], [141.112553, 43.157244], [141.112504, 43.157488], [141.112481, 43.157537], [141.112428, 43.157639], [141.11235, 43.157744], [141.112251, 43.157866], [141.111894, 43.158155], [141.111673, 43.158333], [141.109903, 43.159759], [141.109689, 43.159938], [141.109616, 43.159999], [141.109503, 43.160094], [141.10889, 43.160605], [141.108793, 43.160686], [141.108682, 43.160779], [141.108333, 43.161071], [141.10826, 43.161132], [141.107778, 43.161482], [141.107362, 43.161709], [141.106643, 43.162006], [141.106567, 43.162037], [141.105985, 43.162277], [141.105537, 43.162456], [141.105306, 43.16254], [141.105108, 43.162606], [141.104867, 43.162667], [141.104685, 43.1627], [141.104529, 43.162714], [141.104268, 43.162727], [141.103911, 43.162711], [141.103657, 43.162692], [141.103443, 43.162664], [141.103049, 43.162591], [141.10198, 43.162418], [141.101429, 43.162346], [141.101198, 43.162318], [141.101167, 43.162387], [141.101084, 43.162394], [141.10051, 43.162359], [141.100261, 43.16235], [141.100071, 43.162345], [141.1, 43.162351], [141.099804, 43.162366], [141.099697, 43.162383], [141.099571, 43.162402], [141.099422, 43.162441], [141.099212, 43.162521], [141.099085, 43.162568], [141.098926, 43.162664], [141.098181, 43.163228], [141.096897, 43.164214], [141.095715, 43.165142], [141.093721, 43.166667], [141.093281, 43.166993], [141.092957, 43.167208], [141.092591, 43.167429], [141.092164, 43.167654], [141.091897, 43.167775], [141.091667, 43.167875], [141.091407, 43.167976], [141.09091, 43.16813], [141.090356, 43.168282], [141.090171, 43.168324], [141.090145, 43.168253], [141.088978, 43.168467], [141.08896, 43.168471], [141.088707, 43.168521], [141.088317, 43.1686], [141.088094, 43.168662], [141.087909, 43.168739], [141.087676, 43.168848], [141.087572, 43.168902], [141.087561, 43.168908], [141.087385, 43.169001], [141.08705, 43.169175], [141.086805, 43.169262], [141.086623, 43.169298], [141.086405, 43.169335], [141.086151, 43.169364], [141.086011, 43.169372], [141.085927, 43.169376], [141.085876, 43.169378], [141.085048, 43.169412], [141.084727, 43.169431], [141.08461, 43.169436], [141.084522, 43.169444], [141.084459, 43.169453], [141.084109, 43.169506], [141.083902, 43.169559], [141.083836, 43.169582], [141.083701, 43.169628], [141.083618, 43.169667], [141.083333, 43.169798], [141.083196, 43.169861], [141.08282, 43.170058], [141.082705, 43.170117], [141.082652, 43.170144], [141.082473, 43.170235], [141.082099, 43.170387], [141.081991, 43.170423], [141.08187, 43.170458], [141.081601, 43.170506], [141.08151, 43.170513], [141.081351, 43.170516], [141.081134, 43.170507], [141.080901, 43.17048], [141.080712, 43.170443], [141.080634, 43.170423], [141.080463, 43.170367], [141.080232, 43.17028], [141.079848, 43.170135], [141.079546, 43.170058], [141.079296, 43.170029], [141.078997, 43.17002], [141.07874, 43.170048], [141.078484, 43.170097], [141.078346, 43.170132], [141.077905, 43.170294], [141.077533, 43.170425], [141.077379, 43.170473], [141.077224, 43.170508], [141.076874, 43.170581], [141.076759, 43.170586], [141.076492, 43.170614], [141.076297, 43.170636], [141.075824, 43.170687], [141.0754, 43.170739], [141.07529, 43.17076], [141.075207, 43.170776], [141.075161, 43.170784], [141.075063, 43.170803], [141.075, 43.170819], [141.074947, 43.170833], [141.074839, 43.170861], [141.074677, 43.170904], [141.074651, 43.170911], [141.07444, 43.170977], [141.073529, 43.171276], [141.07279, 43.171524], [141.072624, 43.171581], [141.072543, 43.171609], [141.072541, 43.17161], [141.07252, 43.171619], [141.072159, 43.171773], [141.072093, 43.171804], [141.072004, 43.171845], [141.071907, 43.171888], [141.071429, 43.17212], [141.071056, 43.1723], [141.070926, 43.172356], [141.070703, 43.172463], [141.070433, 43.172621], [141.070245, 43.172744], [141.070059, 43.172875], [141.069907, 43.17302], [141.069827, 43.173116], [141.069676, 43.173328], [141.069465, 43.173724], [141.069409, 43.173829], [141.069376, 43.17389], [141.069108, 43.174318], [141.068934, 43.174499], [141.068709, 43.174687], [141.068481, 43.174816], [141.068254, 43.174922], [141.068027, 43.175], [141.067899, 43.175044], [141.067623, 43.175088], [141.067298, 43.175124], [141.067135, 43.175117], [141.066951, 43.17511], [141.066667, 43.175064], [141.066581, 43.17505], [141.066401, 43.175], [141.066195, 43.174943], [141.065988, 43.174854], [141.065868, 43.174803], [141.065625, 43.174683], [141.065554, 43.174646], [141.065204, 43.174443], [141.064498, 43.174027], [141.064223, 43.173891], [141.064011, 43.173802], [141.063817, 43.173744], [141.063517, 43.173683], [141.063363, 43.173659], [141.063053, 43.173622], [141.062848, 43.173633], [141.062656, 43.173655], [141.062468, 43.173694], [141.062299, 43.173747], [141.062085, 43.173832], [141.061933, 43.173894], [141.061808, 43.173949], [141.061655, 43.174016], [141.060522, 43.174537], [141.060069, 43.174735], [141.059849, 43.174838], [141.059481, 43.175], [141.05931, 43.175077], [141.059143, 43.175152], [141.058333, 43.17553], [141.058204, 43.175589], [141.057486, 43.175916], [141.057001, 43.176129], [141.056873, 43.176185], [141.056069, 43.176537], [141.055659, 43.176726], [141.05563, 43.17674], [141.055066, 43.177008], [141.054559, 43.1773], [141.054197, 43.177553], [141.053846, 43.177819], [141.053593, 43.178014], [141.053414, 43.178151], [141.05306, 43.178382], [141.052861, 43.178491], [141.052788, 43.17853], [141.052781, 43.178534], [141.052685, 43.178584], [141.052516, 43.178661], [141.052353, 43.178737], [141.052087, 43.178852], [141.051738, 43.178982], [141.051505, 43.179062], [141.051383, 43.179099], [141.051277, 43.179127], [141.050808, 43.179227], [141.050532, 43.179279], [141.050313, 43.179316], [141.050122, 43.179331], [141.05, 43.179341], [141.04989, 43.17935], [141.049532, 43.179377], [141.049514, 43.179379], [141.049236, 43.179399], [141.048738, 43.179435], [141.048541, 43.179442], [141.048191, 43.179456], [141.048079, 43.179451], [141.047764, 43.179437], [141.047433, 43.179393], [141.046287, 43.179133], [141.045794, 43.179021], [141.045013, 43.178844], [141.044534, 43.178735], [141.044281, 43.178669], [141.044146, 43.178623], [141.044034, 43.178581], [141.04388, 43.178511], [141.043779, 43.178456], [141.043628, 43.178365], [141.042692, 43.177792], [141.042498, 43.177714], [141.042281, 43.177652], [141.042104, 43.177622], [141.041931, 43.177601], [141.041667, 43.177589], [141.041422, 43.177595], [141.041075, 43.177637], [141.04072, 43.177686], [141.040248, 43.177768], [141.039948, 43.177833], [141.039354, 43.178008], [141.038878, 43.178157], [141.038775, 43.178189], [141.038373, 43.178313], [141.03799, 43.178449], [141.03777, 43.178433], [141.03745, 43.178575], [141.037001, 43.178779], [141.033559, 43.179822], [141.033333, 43.179871], [141.031673, 43.180328], [141.031358, 43.180374], [141.030921, 43.180327], [141.030274, 43.180251], [141.03023, 43.180328], [141.029947, 43.180292], [141.029755, 43.180282], [141.029173, 43.180279], [141.028779, 43.180281], [141.028398, 43.180289], [141.028086, 43.180325], [141.028002, 43.180335], [141.027681, 43.180391], [141.027402, 43.18046], [141.027076, 43.18054], [141.026813, 43.180625], [141.02652, 43.180739], [141.026028, 43.180914], [141.025228, 43.181212], [141.025, 43.181296], [141.024999, 43.181296], [141.024593, 43.181448], [141.024458, 43.181497], [141.024307, 43.181544], [141.024207, 43.181569], [141.024087, 43.181592], [141.023944, 43.181619], [141.023784, 43.18164], [141.023624, 43.181647], [141.023527, 43.181645], [141.023388, 43.181636], [141.02324, 43.181615], [141.023027, 43.181562], [141.022866, 43.181515], [141.022641, 43.181446], [141.022525, 43.181407], [141.022404, 43.181375], [141.022319, 43.181354], [141.022174, 43.181327], [141.022064, 43.181315], [141.021937, 43.181305], [141.02184, 43.181302], [141.021686, 43.1813], [141.021544, 43.181315], [141.021414, 43.181335], [141.02116, 43.181391], [141.020893, 43.181454], [141.020646, 43.181516], [141.02053, 43.181539], [141.020351, 43.181563], [141.020097, 43.181582], [141.019529, 43.181586], [141.019321, 43.181588], [141.018953, 43.18159], [141.018289, 43.181594], [141.017728, 43.181584], [141.017027, 43.181573], [141.016667, 43.181571], [141.016395, 43.181578], [141.016022, 43.181573], [141.015575, 43.181556], [141.015329, 43.18154], [141.014501, 43.181447], [141.013888, 43.181369], [141.013581, 43.181329], [141.013363, 43.181273], [141.013103, 43.181185], [141.012754, 43.181023], [141.012286, 43.180805], [141.012075, 43.180751], [141.012017, 43.180742], [141.011846, 43.180717], [141.011664, 43.180708], [141.011657, 43.180708], [141.011253, 43.180693], [141.010624, 43.180682], [141.010128, 43.180674], [141.009928, 43.18068], [141.009757, 43.180725], [141.00966, 43.180777], [141.009316, 43.181014], [141.008806, 43.181336], [141.008539, 43.181505], [141.008418, 43.18158], [141.008412, 43.181583], [141.008333, 43.181628], [141.008267, 43.181666], [141.007944, 43.181881], [141.007745, 43.182012], [141.007386, 43.182248], [141.00695, 43.182534], [141.006346, 43.182962], [141.00586, 43.183295], [141.005803, 43.183333], [141.005629, 43.183448], [141.005152, 43.183793], [141.004823, 43.184033], [141.004531, 43.184245], [141.004302, 43.1844], [141.002585, 43.185602], [141.002206, 43.185896], [141.002046, 43.186059], [141.001965, 43.186144], [141.001798, 43.186316], [141.001768, 43.186347], [141.00176, 43.186355], [141.001346, 43.186782], [141.0011, 43.187037], [141.000541, 43.1876], [141.000368, 43.187803], [141.000308, 43.187888], [141.000166, 43.188108], [141.000082, 43.188244], [141, 43.188405], [140.999643, 43.189013], [140.999518, 43.189243], [140.999291, 43.189633], [140.998925, 43.190228], [140.998502, 43.190942], [140.998228, 43.191387], [140.998055, 43.191667], [140.998035, 43.1917], [140.997967, 43.191813], [140.99789, 43.19196], [140.997698, 43.192275], [140.997493, 43.192636], [140.997072, 43.193328], [140.997054, 43.193361], [140.996838, 43.19372], [140.996452, 43.19433], [140.995992, 43.195063], [140.995464, 43.195999], [140.995066, 43.19669], [140.994863, 43.19724], [140.994586, 43.197992], [140.99442, 43.198373], [140.994274, 43.198707], [140.994007, 43.19932], [140.993355, 43.19916], [140.993373, 43.199127], [140.993722, 43.198496], [140.993786, 43.19836], [140.993808, 43.198301], [140.993808, 43.198244], [140.993818, 43.198211]]}}, {"type": "Feature", "properties": {"profile": "car", "route": "札幌駅→小樽駅", "engine": "Valhalla", "distance_km": 38.177, "duration_min": 35.4}, "geometry": {"type": "LineString", "coordinates": [[141.350217, 43.069338], [141.350217, 43.069338], [141.350298, 43.069379], [141.350351, 43.069423], [141.350385, 43.069484], [141.350403, 43.069557], [141.350403, 43.069588], [141.350401, 43.069603], [141.350396, 43.069624], [141.350389, 43.069658], [141.350368, 43.069707], [141.350339, 43.069744], [141.350287, 43.069782], [141.350226, 43.069811], [141.350168, 43.069824], [141.350084, 43.069832], [141.350002, 43.069834], [141.35, 43.069834], [141.349898, 43.069826], [141.349734, 43.069811], [141.349643, 43.070189], [141.35, 43.070238], [141.350447, 43.070299], [141.350695, 43.070333], [141.351204, 43.070402], [141.35278, 43.070617], [141.353605, 43.070723], [141.354411, 43.07083], [141.354272, 43.071335], [141.354261, 43.071371], [141.354093, 43.071969], [141.35377, 43.073111], [141.353707, 43.073339], [141.353622, 43.073673], [141.353471, 43.074251], [141.353328, 43.074822], [141.353279, 43.075], [141.353171, 43.075395], [141.353051, 43.075814], [141.353009, 43.075961], [141.352969, 43.076107], [141.352906, 43.076291], [141.352807, 43.076523], [141.352541, 43.077084], [141.352313, 43.077533], [141.352262, 43.077634], [141.352223, 43.077734], [141.352045, 43.078194], [141.351838, 43.078764], [141.351623, 43.079324], [141.351446, 43.079792], [141.351411, 43.079883], [141.351376, 43.079952], [141.350888, 43.080898], [141.350838, 43.080994], [141.350795, 43.081078], [141.350553, 43.081548], [141.350267, 43.082102], [141.35, 43.0826], [141.349954, 43.082687], [141.349628, 43.083333], [141.34956, 43.083469], [141.349477, 43.083685], [141.349406, 43.083903], [141.349144, 43.084889], [141.348939, 43.085619], [141.348744, 43.086342], [141.348559, 43.087043], [141.348369, 43.087754], [141.348183, 43.088463], [141.34799, 43.089168], [141.347807, 43.089875], [141.347558, 43.090782], [141.347436, 43.091263], [141.347378, 43.091489], [141.347331, 43.091667], [141.347275, 43.091875], [141.347206, 43.092146], [141.347124, 43.092451], [141.347017, 43.092855], [141.346937, 43.093154], [141.34668, 43.094153], [141.346577, 43.094536], [141.346497, 43.094836], [141.346418, 43.095135], [141.346341, 43.095432], [141.34633, 43.095469], [141.346264, 43.095719], [141.346175, 43.096055], [141.345781, 43.097544], [141.345657, 43.097998], [141.3454, 43.098979], [141.34525, 43.099538], [141.345158, 43.099908], [141.345132, 43.1], [141.34507, 43.100225], [141.344958, 43.10064], [141.344844, 43.101084], [141.3435, 43.100899], [141.341927, 43.100686], [141.341667, 43.100646], [141.340388, 43.100453], [141.340368, 43.100525], [141.339895, 43.100458], [141.338849, 43.100301], [141.33829, 43.100222], [141.337444, 43.100112], [141.337082, 43.100073], [141.336454, 43.100007], [141.336361, 43.1], [141.336303, 43.099995], [141.335829, 43.099968], [141.335189, 43.099955], [141.334993, 43.1], [141.33467, 43.100104], [141.334372, 43.100109], [141.333978, 43.100115], [141.3336, 43.100129], [141.33338, 43.100141], [141.333333, 43.100144], [141.332969, 43.100164], [141.332208, 43.100228], [141.331483, 43.100308], [141.330741, 43.100411], [141.330266, 43.100501], [141.329707, 43.100603], [141.329105, 43.100734], [141.328603, 43.10086], [141.326254, 43.101437], [141.325, 43.10175], [141.324934, 43.101766], [141.324362, 43.101914], [141.323884, 43.102027], [141.323533, 43.10211], [141.323143, 43.102188], [141.322602, 43.102289], [141.321905, 43.102396], [141.321346, 43.102479], [141.320679, 43.102541], [141.320077, 43.102594], [141.319433, 43.102633], [141.318429, 43.102644], [141.317148, 43.102623], [141.316667, 43.102587], [141.316403, 43.102568], [141.315531, 43.102487], [141.314832, 43.102404], [141.314296, 43.102305], [141.313949, 43.102246], [141.313638, 43.102193], [141.313172, 43.102103], [141.312782, 43.102029], [141.312475, 43.101947], [141.311689, 43.101724], [141.310666, 43.101401], [141.309432, 43.101026], [141.308781, 43.100807], [141.308438, 43.100697], [141.308333, 43.100664], [141.308261, 43.100641], [141.308138, 43.100602], [141.306135, 43.1], [141.30603, 43.099968], [141.305432, 43.099772], [141.303671, 43.099208], [141.301386, 43.098493], [141.300271, 43.098144], [141.3, 43.098059], [141.298941, 43.097727], [141.297928, 43.0974], [141.296532, 43.09697], [141.294212, 43.096228], [141.291667, 43.095426], [141.291502, 43.095374], [141.29072, 43.095124], [141.288632, 43.094465], [141.287549, 43.094134], [141.285635, 43.093513], [141.283769, 43.092983], [141.283333, 43.092876], [141.283097, 43.092818], [141.282399, 43.092648], [141.280919, 43.092322], [141.278675, 43.091906], [141.277558, 43.091696], [141.277389, 43.091667], [141.276784, 43.091563], [141.275426, 43.091317], [141.275, 43.091236], [141.274595, 43.09116], [141.27153, 43.090629], [141.269446, 43.090239], [141.268822, 43.090134], [141.268412, 43.090086], [141.268085, 43.090064], [141.267767, 43.090054], [141.267434, 43.090056], [141.266998, 43.090067], [141.266811, 43.090083], [141.266667, 43.0901], [141.266643, 43.090102], [141.26649, 43.090126], [141.26631, 43.090158], [141.266077, 43.0902], [141.265843, 43.090243], [141.265478, 43.090331], [141.265186, 43.090412], [141.264357, 43.090651], [141.261737, 43.091478], [141.261137, 43.091663], [141.261124, 43.091667], [141.259426, 43.092179], [141.259017, 43.092304], [141.258725, 43.092411], [141.258396, 43.092532], [141.258333, 43.092556], [141.258064, 43.092661], [141.257653, 43.092826], [141.257089, 43.093072], [141.256446, 43.093375], [141.256129, 43.093539], [141.25549, 43.093892], [141.254954, 43.09421], [141.254406, 43.094561], [141.253991, 43.094848], [141.253643, 43.095102], [141.253375, 43.09531], [141.252992, 43.095613], [141.25221, 43.096286], [141.251504, 43.096936], [141.250981, 43.09743], [141.25, 43.098363], [141.248407, 43.099866], [141.248266, 43.1], [141.247439, 43.100787], [141.246687, 43.1015], [141.245905, 43.102237], [141.245245, 43.10286], [141.244526, 43.103576], [141.244275, 43.103848], [141.243916, 43.104238], [141.243708, 43.104463], [141.243486, 43.104744], [141.243099, 43.105339], [141.242856, 43.105712], [141.242648, 43.106077], [141.24246, 43.106405], [141.242203, 43.106855], [141.242042, 43.107136], [141.241887, 43.10746], [141.241776, 43.107691], [141.241667, 43.107918], [141.241504, 43.108256], [141.241467, 43.108333], [141.241336, 43.108606], [141.24111, 43.108988], [141.241081, 43.109038], [141.24085, 43.109365], [141.240668, 43.109592], [141.240272, 43.110079], [141.240135, 43.110232], [141.239955, 43.110428], [141.239849, 43.11054], [141.239433, 43.110983], [141.239351, 43.111066], [141.237617, 43.112794], [141.236526, 43.113877], [141.235756, 43.114531], [141.235463, 43.114763], [141.235192, 43.114964], [141.235002, 43.115099], [141.233818, 43.115845], [141.233333, 43.116131], [141.233221, 43.116198], [141.232383, 43.116639], [141.232322, 43.116667], [141.231802, 43.116902], [141.231221, 43.117163], [141.230153, 43.117568], [141.229124, 43.117896], [141.228606, 43.118039], [141.228036, 43.118193], [141.227506, 43.118317], [141.226224, 43.118574], [141.225337, 43.118742], [141.225, 43.118807], [141.224965, 43.118814], [141.224152, 43.118964], [141.223649, 43.119073], [141.22238, 43.119396], [141.222002, 43.119522], [141.220296, 43.120177], [141.219816, 43.120391], [141.218962, 43.120814], [141.218625, 43.120985], [141.217627, 43.121513], [141.217261, 43.121724], [141.217081, 43.121822], [141.217011, 43.121861], [141.216667, 43.122035], [141.216615, 43.122062], [141.21546, 43.122641], [141.214166, 43.12326], [141.213231, 43.123667], [141.212537, 43.123936], [141.212246, 43.124049], [141.211973, 43.124155], [141.211495, 43.124303], [141.210389, 43.124609], [141.209615, 43.12476], [141.208609, 43.124962], [141.208374, 43.125], [141.208333, 43.125007], [141.208262, 43.125019], [141.207789, 43.125091], [141.20673, 43.125232], [141.206358, 43.125278], [141.205501, 43.125369], [141.204011, 43.125536], [141.203436, 43.125598], [141.202847, 43.125669], [141.2018, 43.125773], [141.200892, 43.125863], [141.2, 43.125962], [141.199229, 43.126047], [141.198125, 43.126233], [141.197614, 43.12634], [141.197105, 43.126494], [141.196639, 43.126663], [141.19602, 43.126916], [141.194986, 43.127414], [141.194407, 43.127689], [141.193867, 43.12792], [141.193185, 43.128149], [141.192432, 43.128346], [141.192104, 43.128406], [141.191667, 43.128474], [141.191539, 43.128494], [141.191252, 43.128521], [141.190567, 43.128588], [141.190083, 43.128656], [141.189176, 43.128819], [141.188459, 43.128965], [141.188051, 43.129068], [141.187609, 43.129182], [141.187272, 43.129282], [141.18667, 43.129497], [141.185629, 43.129913], [141.18429, 43.130566], [141.183865, 43.130802], [141.183357, 43.13107], [141.183333, 43.131081], [141.182586, 43.131453], [141.182294, 43.131582], [141.181752, 43.131808], [141.181203, 43.131997], [141.180783, 43.132127], [141.180236, 43.132297], [141.179796, 43.132408], [141.179207, 43.132515], [141.179016, 43.132547], [141.178863, 43.132572], [141.178673, 43.1326], [141.178509, 43.132624], [141.177919, 43.1327], [141.177258, 43.132769], [141.176821, 43.132809], [141.176612, 43.132834], [141.176269, 43.132873], [141.176063, 43.132897], [141.175867, 43.132921], [141.175568, 43.132963], [141.175304, 43.133003], [141.175152, 43.133026], [141.175, 43.133053], [141.174795, 43.133088], [141.174395, 43.133168], [141.174164, 43.133217], [141.173716, 43.13332], [141.173663, 43.133333], [141.173457, 43.133386], [141.173277, 43.133436], [141.173021, 43.133506], [141.172784, 43.133577], [141.172547, 43.133654], [141.172307, 43.133733], [141.172163, 43.133781], [141.171976, 43.133843], [141.171945, 43.133853], [141.171743, 43.133926], [141.171468, 43.134032], [141.171295, 43.134099], [141.171071, 43.134189], [141.170831, 43.134288], [141.170575, 43.134394], [141.169741, 43.134726], [141.169061, 43.135007], [141.168147, 43.135327], [141.167621, 43.135477], [141.167011, 43.135637], [141.166667, 43.13572], [141.166531, 43.135753], [141.165943, 43.13587], [141.165138, 43.136001], [141.162265, 43.136318], [141.161291, 43.136456], [141.160228, 43.136697], [141.159708, 43.136837], [141.159234, 43.136997], [141.158667, 43.137227], [141.158333, 43.137355], [141.15786, 43.137536], [141.157047, 43.137875], [141.154569, 43.13892], [141.153527, 43.139386], [141.153413, 43.139436], [141.152602, 43.139766], [141.152036, 43.139953], [141.151548, 43.140086], [141.150919, 43.140254], [141.150259, 43.140412], [141.15, 43.140464], [141.14974, 43.140517], [141.149047, 43.140649], [141.147875, 43.140879], [141.147277, 43.141005], [141.146761, 43.141136], [141.146297, 43.141281], [141.145866, 43.141436], [141.14531, 43.141667], [141.145292, 43.141674], [141.144825, 43.141936], [141.144301, 43.142282], [141.143317, 43.142877], [141.142887, 43.143136], [141.142726, 43.143243], [141.141927, 43.143693], [141.141667, 43.14384], [141.141628, 43.143862], [141.140516, 43.144416], [141.14043, 43.144459], [141.140268, 43.144521], [141.139708, 43.144757], [141.139385, 43.144875], [141.138932, 43.145044], [141.137953, 43.145362], [141.136386, 43.145839], [141.135649, 43.146064], [141.135017, 43.146259], [141.134447, 43.146448], [141.133765, 43.146701], [141.133333, 43.146874], [141.133131, 43.146955], [141.132521, 43.147261], [141.131945, 43.147605], [141.131714, 43.147751], [141.131338, 43.148004], [141.131215, 43.148077], [141.130464, 43.148639], [141.129667, 43.149308], [141.129434, 43.149518], [141.128848, 43.15], [141.128774, 43.150061], [141.128462, 43.150334], [141.128005, 43.150673], [141.127518, 43.150993], [141.127091, 43.151219], [141.126313, 43.151522], [141.125469, 43.151725], [141.125141, 43.151786], [141.125, 43.151803], [141.124722, 43.151836], [141.12423, 43.151866], [141.123636, 43.151849], [141.122996, 43.151766], [141.122154, 43.151594], [141.121325, 43.151389], [141.12052, 43.151223], [141.119874, 43.151142], [141.119387, 43.15111], [141.118889, 43.151108], [141.118369, 43.151159], [141.117783, 43.151258], [141.117333, 43.151376], [141.116667, 43.151592], [141.11657, 43.151629], [141.116089, 43.151843], [141.115664, 43.152095], [141.115254, 43.152405], [141.114866, 43.152725], [141.114405, 43.153207], [141.111605, 43.156257], [141.110936, 43.157001], [141.110048, 43.157987], [141.109763, 43.158333], [141.109232, 43.158938], [141.109125, 43.159062], [141.108611, 43.159726], [141.108423, 43.159972], [141.108333, 43.160078], [141.108162, 43.160251], [141.107792, 43.160597], [141.107476, 43.16084], [141.107245, 43.160982], [141.106993, 43.161138], [141.106724, 43.161275], [141.10633, 43.161438], [141.105979, 43.161572], [141.105627, 43.161689], [141.105318, 43.161762], [141.104921, 43.161843], [141.10452, 43.161911], [141.104228, 43.16194], [141.104071, 43.161954], [141.103986, 43.162015], [141.103828, 43.162029], [141.103371, 43.162027], [141.102797, 43.161992], [141.102155, 43.16193], [141.101772, 43.161885], [141.101542, 43.161858], [141.101053, 43.161818], [141.10071, 43.161811], [141.100374, 43.161813], [141.100073, 43.161825], [141.100011, 43.16183], [141.1, 43.161831], [141.099756, 43.161847], [141.099471, 43.161887], [141.099235, 43.16192], [141.098982, 43.161972], [141.098788, 43.162007], [141.098614, 43.162057], [141.098394, 43.162123], [141.098135, 43.162208], [141.098005, 43.16227], [141.097972, 43.162286], [141.097941, 43.162301], [141.097695, 43.16249], [141.096929, 43.163101], [141.094702, 43.164848], [141.092921, 43.166251], [141.092539, 43.16656], [141.09239, 43.166667], [141.09202, 43.166932], [141.091667, 43.167105], [141.091493, 43.16719], [141.090897, 43.167448], [141.090337, 43.167633], [141.089427, 43.167833], [141.088729, 43.167957], [141.087445, 43.168184], [141.086492, 43.168344], [141.086242, 43.168393], [141.084027, 43.168748], [141.083656, 43.168802], [141.083333, 43.16882], [141.082659, 43.168864], [141.082659, 43.168808], [141.082178, 43.168828], [141.079497, 43.168914], [141.076703, 43.168963], [141.076397, 43.168977], [141.075792, 43.169031], [141.075093, 43.169091], [141.075, 43.169108], [141.074408, 43.169208], [141.074089, 43.169263], [141.073119, 43.169488], [141.072383, 43.16974], [141.072196, 43.169816], [141.071671, 43.170028], [141.071042, 43.17034], [141.070105, 43.170829], [141.069548, 43.171081], [141.06925, 43.171204], [141.06884, 43.17135], [141.06868, 43.171407], [141.068287, 43.171499], [141.067808, 43.171569], [141.067668, 43.171587], [141.067006, 43.171641], [141.066701, 43.171644], [141.066667, 43.171645], [141.066584, 43.171647], [141.066009, 43.171633], [141.06566, 43.171586], [141.065312, 43.171537], [141.064908, 43.171455], [141.064678, 43.171395], [141.064391, 43.171319], [141.063955, 43.171167], [141.063412, 43.170956], [141.062736, 43.170663], [141.062382, 43.170509], [141.062167, 43.170416], [141.059986, 43.169472], [141.059181, 43.169114], [141.058602, 43.168906], [141.058333, 43.168812], [141.057951, 43.16869], [141.057658, 43.168603], [141.057361, 43.168516], [141.057298, 43.168496], [141.056434, 43.16829], [141.055877, 43.168179], [141.055517, 43.168118], [141.055243, 43.16808], [141.054752, 43.168037], [141.054379, 43.168006], [141.053498, 43.167958], [141.053, 43.167943], [141.052619, 43.167951], [141.051671, 43.167977], [141.05122, 43.168004], [141.051086, 43.168015], [141.050645, 43.168069], [141.050018, 43.168169], [141.05, 43.168172], [141.049841, 43.168204], [141.049748, 43.168224], [141.049646, 43.168198], [141.049336, 43.168196], [141.048988, 43.168259], [141.047017, 43.168515], [141.045975, 43.168651], [141.043088, 43.169086], [141.041667, 43.169316], [141.038069, 43.170143], [141.036973, 43.170452], [141.036087, 43.17081], [141.034977, 43.171312], [141.034159, 43.171737], [141.033333, 43.172203], [141.031722, 43.173121], [141.030833, 43.173625], [141.028433, 43.175], [141.028421, 43.175006], [141.026761, 43.175932], [141.025516, 43.176785], [141.025, 43.177183], [141.024452, 43.177607], [141.024447, 43.1777], [141.023745, 43.178247], [141.023394, 43.178546], [141.022665, 43.179142], [141.02251, 43.179288], [141.022044, 43.179532], [141.021821, 43.179654], [141.02164, 43.179762], [141.019786, 43.181353], [141.019529, 43.181586], [141.019321, 43.181587], [141.018953, 43.18159], [141.018289, 43.181594], [141.017728, 43.181584], [141.017027, 43.181572], [141.016667, 43.181571], [141.016395, 43.181578], [141.016022, 43.181572], [141.015575, 43.181556], [141.015329, 43.18154], [141.014501, 43.181447], [141.013888, 43.181369], [141.013581, 43.181329], [141.013363, 43.181273], [141.013103, 43.181185], [141.012754, 43.181023], [141.012286, 43.180805], [141.012075, 43.180751], [141.012017, 43.180742], [141.011846, 43.180717], [141.011664, 43.180708], [141.011657, 43.180708], [141.011253, 43.180692], [141.010624, 43.180682], [141.010128, 43.180674], [141.009928, 43.18068], [141.009756, 43.180725], [141.00966, 43.180777], [141.009316, 43.181014], [141.008806, 43.181335], [141.008539, 43.181505], [141.008417, 43.18158], [141.008412, 43.181583], [141.008333, 43.181628], [141.008267, 43.181666], [141.007944, 43.181881], [141.007745, 43.182012], [141.007386, 43.182248], [141.00695, 43.182534], [141.006346, 43.182962], [141.00586, 43.183295], [141.005803, 43.183333], [141.005629, 43.183448], [141.005151, 43.183793], [141.004823, 43.184032], [141.004531, 43.184245], [141.004302, 43.1844], [141.002585, 43.185602], [141.002206, 43.185896], [141.002046, 43.186059], [141.001965, 43.186144], [141.001798, 43.186316], [141.001768, 43.186346], [141.00176, 43.186355], [141.001346, 43.186782], [141.0011, 43.187037], [141.000541, 43.1876], [141.000368, 43.187803], [141.000308, 43.187888], [141.000166, 43.188108], [141.000082, 43.188244], [141.0, 43.188405], [140.999643, 43.189013], [140.999518, 43.189243], [140.99929, 43.189633], [140.998925, 43.190228], [140.998502, 43.190942], [140.998228, 43.191387], [140.998055, 43.191667], [140.998035, 43.1917], [140.997967, 43.191813], [140.99789, 43.19196], [140.997698, 43.192275], [140.997493, 43.192636], [140.997072, 43.193328], [140.997054, 43.193361], [140.996838, 43.19372], [140.996452, 43.19433], [140.995992, 43.195063], [140.995464, 43.195998], [140.995066, 43.19669], [140.994863, 43.19724], [140.994586, 43.197992], [140.99442, 43.198373], [140.994274, 43.198707], [140.994007, 43.19932], [140.993355, 43.19916], [140.993373, 43.199127], [140.993722, 43.198496], [140.993786, 43.19836], [140.993807, 43.198301], [140.993807, 43.198244], [140.993818, 43.198211]]}}, {"type": "Feature", "properties": {"profile": "car", "route": "札幌駅→小樽駅", "engine": "GraphHopper", "distance_km": 35.958, "duration_min": 26.7}, "geometry": {"type": "LineString", "coordinates": [[141.350217, 43.069338], [141.35006, 43.069284], [141.349887, 43.069247], [141.349785, 43.069631], [141.348228, 43.06942], [141.346797, 43.069235], [141.346558, 43.069179], [141.345124, 43.068986], [141.34454, 43.068873], [141.344098, 43.068754], [141.343869, 43.068496], [141.343803, 43.068541], [141.343482, 43.068627], [141.342921, 43.068496], [141.341853, 43.068197], [141.341783, 43.068188], [141.341102, 43.068243], [141.34108, 43.068587], [141.340503, 43.068557], [141.340133, 43.068552], [141.340039, 43.06859], [141.339961, 43.068607], [141.339793, 43.068625], [141.33959, 43.06866], [141.339426, 43.06871], [141.339317, 43.068776], [141.339204, 43.068869], [141.339044, 43.069032], [141.338892, 43.069137], [141.338749, 43.069208], [141.338169, 43.069773], [141.335174, 43.072775], [141.334871, 43.073068], [141.332357, 43.0756], [141.332129, 43.07588], [141.331949, 43.07618], [141.329865, 43.081294], [141.326465, 43.081522], [141.324678, 43.08165], [141.324477, 43.081685], [141.324043, 43.081797], [141.323824, 43.081893], [141.322321, 43.082787], [141.321763, 43.0831], [141.321383, 43.083333], [141.319636, 43.084362], [141.318735, 43.08491], [141.316509, 43.086194], [141.316111, 43.086436], [141.315596, 43.08673], [141.313553, 43.087951], [141.312953, 43.08828], [141.312273, 43.088676], [141.307022, 43.091764], [141.306119, 43.09228], [141.304569, 43.093191], [141.30351, 43.093835], [141.298303, 43.096944], [141.297881, 43.097205], [141.294843, 43.096262], [141.292121, 43.095382], [141.291919, 43.095345], [141.290074, 43.094775], [141.287145, 43.093857], [141.285483, 43.093322], [141.284674, 43.093086], [141.284457, 43.093016], [141.283506, 43.092745], [141.282763, 43.092559], [141.281958, 43.092377], [141.280905, 43.092152], [141.280041, 43.091983], [141.2789, 43.091776], [141.278559, 43.09173], [141.27787, 43.091596], [141.27717, 43.091474], [141.275285, 43.091124], [141.270206, 43.090218], [141.269842, 43.090173], [141.268943, 43.08999], [141.268596, 43.089937], [141.268309, 43.089909], [141.268009, 43.089895], [141.267777, 43.089895], [141.267181, 43.089913], [141.266929, 43.089935], [141.266627, 43.089971], [141.266145, 43.090065], [141.265971, 43.090111], [141.265843, 43.090243], [141.265478, 43.090331], [141.264357, 43.090651], [141.261738, 43.091478], [141.259017, 43.092304], [141.258396, 43.092532], [141.257653, 43.092826], [141.257089, 43.093072], [141.256446, 43.093376], [141.256129, 43.093539], [141.25549, 43.093892], [141.254954, 43.09421], [141.254406, 43.094561], [141.253991, 43.094848], [141.253643, 43.095102], [141.252992, 43.095613], [141.25221, 43.096286], [141.251504, 43.096936], [141.245245, 43.10286], [141.244526, 43.103576], [141.243708, 43.104463], [141.243486, 43.104744], [141.242856, 43.105713], [141.242042, 43.107136], [141.241336, 43.108606], [141.241081, 43.109038], [141.24085, 43.109365], [141.240668, 43.109592], [141.240272, 43.110079], [141.239433, 43.110983], [141.236526, 43.113877], [141.235756, 43.114531], [141.235463, 43.114763], [141.235002, 43.115099], [141.233818, 43.115845], [141.233221, 43.116198], [141.232383, 43.116639], [141.231221, 43.117163], [141.230153, 43.117568], [141.229124, 43.117896], [141.228036, 43.118193], [141.227506, 43.118317], [141.226224, 43.118574], [141.224152, 43.118964], [141.223649, 43.119073], [141.22238, 43.119396], [141.222002, 43.119522], [141.220296, 43.120177], [141.219816, 43.120391], [141.218625, 43.120985], [141.217627, 43.121513], [141.217011, 43.121861], [141.21546, 43.122641], [141.214166, 43.12326], [141.213231, 43.123667], [141.211973, 43.124155], [141.211495, 43.124303], [141.210389, 43.124609], [141.208609, 43.124963], [141.207789, 43.125091], [141.206358, 43.125278], [141.203437, 43.125598], [141.202847, 43.125669], [141.200892, 43.125863], [141.199229, 43.126047], [141.198125, 43.126234], [141.197614, 43.12634], [141.197105, 43.126494], [141.196639, 43.126663], [141.19602, 43.126916], [141.194407, 43.12769], [141.193867, 43.12792], [141.193185, 43.128149], [141.192432, 43.128347], [141.192104, 43.128406], [141.191539, 43.128494], [141.190567, 43.128588], [141.190083, 43.128656], [141.189176, 43.12882], [141.188459, 43.128965], [141.187609, 43.129182], [141.187272, 43.129282], [141.18667, 43.129497], [141.185629, 43.129913], [141.18429, 43.130566], [141.183865, 43.130803], [141.183333, 43.131081], [141.182586, 43.131453], [141.182294, 43.131583], [141.181752, 43.131808], [141.181203, 43.131997], [141.180236, 43.132297], [141.179796, 43.132408], [141.179207, 43.132515], [141.178674, 43.132601], [141.177919, 43.1327], [141.177258, 43.132769], [141.176821, 43.132809], [141.175867, 43.132921], [141.175, 43.133053], [141.174395, 43.133168], [141.173716, 43.13332], [141.173022, 43.133506], [141.172784, 43.133577], [141.171976, 43.133843], [141.171743, 43.133926], [141.171071, 43.134189], [141.169061, 43.135007], [141.168147, 43.135327], [141.167621, 43.135477], [141.167011, 43.135637], [141.166531, 43.135753], [141.165943, 43.13587], [141.165138, 43.136001], [141.162265, 43.136318], [141.161291, 43.136456], [141.160228, 43.136697], [141.159708, 43.136837], [141.159234, 43.136997], [141.158667, 43.137227], [141.15786, 43.137536], [141.154569, 43.138921], [141.153413, 43.139436], [141.152602, 43.139766], [141.152036, 43.139953], [141.150919, 43.140254], [141.150259, 43.140412], [141.147875, 43.140879], [141.147278, 43.141005], [141.146761, 43.141136], [141.146297, 43.141281], [141.145867, 43.141436], [141.145292, 43.141674], [141.144825, 43.141936], [141.144301, 43.142282], [141.142887, 43.143136], [141.142726, 43.143243], [141.141628, 43.143862], [141.14043, 43.144459], [141.139708, 43.144757], [141.138932, 43.145044], [141.137953, 43.145362], [141.135018, 43.146259], [141.134447, 43.146448], [141.133765, 43.146702], [141.133131, 43.146955], [141.132521, 43.147261], [141.131945, 43.147605], [141.131338, 43.148004], [141.131215, 43.148078], [141.130464, 43.148639], [141.129667, 43.149308], [141.129434, 43.149518], [141.128774, 43.150061], [141.128462, 43.150334], [141.128005, 43.150673], [141.127518, 43.150993], [141.127091, 43.151219], [141.126313, 43.151522], [141.125469, 43.151725], [141.125141, 43.151786], [141.124722, 43.151836], [141.12423, 43.151866], [141.123636, 43.151849], [141.122996, 43.151766], [141.122154, 43.151594], [141.121325, 43.151389], [141.12052, 43.151223], [141.119874, 43.151142], [141.119387, 43.15111], [141.118889, 43.151108], [141.118369, 43.151159], [141.117783, 43.151258], [141.117333, 43.151376], [141.116667, 43.151593], [141.116089, 43.151843], [141.115665, 43.152095], [141.115254, 43.152405], [141.114866, 43.152725], [141.114405, 43.153207], [141.111605, 43.156257], [141.110048, 43.157987], [141.109763, 43.158333], [141.109125, 43.159062], [141.108423, 43.159972], [141.108333, 43.160078], [141.108162, 43.160251], [141.107792, 43.160597], [141.107476, 43.16084], [141.106993, 43.161138], [141.106724, 43.161276], [141.10633, 43.161438], [141.105979, 43.161573], [141.105627, 43.161689], [141.105318, 43.161762], [141.104921, 43.161844], [141.10452, 43.161911], [141.104071, 43.161954], [141.103986, 43.162015], [141.103828, 43.162029], [141.103371, 43.162027], [141.102797, 43.161992], [141.102155, 43.16193], [141.101542, 43.161858], [141.101053, 43.161818], [141.10071, 43.161811], [141.100374, 43.161814], [141.099756, 43.161847], [141.099235, 43.16192], [141.098788, 43.162008], [141.098394, 43.162123], [141.098135, 43.162209], [141.097941, 43.162301], [141.092921, 43.166251], [141.092539, 43.16656], [141.09202, 43.166932], [141.091493, 43.16719], [141.090897, 43.167448], [141.090337, 43.167633], [141.089427, 43.167833], [141.086242, 43.168393], [141.084027, 43.168748], [141.083656, 43.168802], [141.082659, 43.168864], [141.082659, 43.168808], [141.079497, 43.168914], [141.076703, 43.168963], [141.076397, 43.168977], [141.075093, 43.169091], [141.074089, 43.169263], [141.073119, 43.169488], [141.072383, 43.16974], [141.071671, 43.170028], [141.071042, 43.17034], [141.070105, 43.170829], [141.069548, 43.171081], [141.06925, 43.171204], [141.06868, 43.171407], [141.068287, 43.171499], [141.067668, 43.171587], [141.067006, 43.171641], [141.066584, 43.171647], [141.066009, 43.171633], [141.065312, 43.171537], [141.064908, 43.171455], [141.064391, 43.17132], [141.063955, 43.171167], [141.063412, 43.170956], [141.059986, 43.169472], [141.059181, 43.169114], [141.058333, 43.168812], [141.057952, 43.16869], [141.057298, 43.168496], [141.056434, 43.16829], [141.055877, 43.16818], [141.055518, 43.168118], [141.055243, 43.168081], [141.054379, 43.168006], [141.053498, 43.167958], [141.053, 43.167943], [141.052619, 43.167951], [141.051671, 43.167977], [141.05122, 43.168004], [141.050645, 43.168069], [141.050018, 43.168169], [141.049748, 43.168224], [141.049665, 43.168272], [141.049453, 43.168353], [141.048745, 43.168419], [141.04703, 43.168666], [141.043081, 43.169268], [141.041686, 43.169503], [141.038244, 43.170279], [141.037121, 43.170601], [141.036157, 43.170972], [141.035469, 43.171295], [141.034721, 43.171665], [141.034074, 43.172012], [141.026772, 43.176181], [141.026258, 43.176491], [141.025629, 43.1769], [141.025007, 43.177363], [141.024581, 43.177657], [141.024447, 43.1777], [141.023745, 43.178247], [141.023394, 43.178546], [141.022665, 43.179142], [141.02251, 43.179288], [141.022044, 43.179532], [141.02164, 43.179762], [141.019786, 43.181353], [141.019529, 43.181586], [141.018289, 43.181594], [141.017027, 43.181573], [141.016395, 43.181578], [141.016022, 43.181573], [141.015329, 43.18154], [141.014501, 43.181447], [141.013581, 43.181329], [141.013363, 43.181273], [141.013103, 43.181185], [141.012286, 43.180805], [141.012075, 43.180751], [141.011846, 43.180717], [141.011253, 43.180693], [141.010128, 43.180674], [141.009928, 43.18068], [141.009757, 43.180725], [141.00966, 43.180777], [141.009316, 43.181014], [141.008539, 43.181505], [141.008267, 43.181666], [141.00695, 43.182534], [141.006346, 43.182962], [141.005629, 43.183448], [141.004531, 43.184245], [141.002585, 43.185602], [141.002206, 43.185896], [141.0011, 43.187037], [141.000541, 43.1876], [141.000368, 43.187803], [141.000082, 43.188244], [141.0, 43.188405], [140.999291, 43.189633], [140.997967, 43.191813], [140.99789, 43.19196], [140.997698, 43.192275], [140.997493, 43.192636], [140.996838, 43.19372], [140.995992, 43.195063], [140.995066, 43.19669], [140.994586, 43.197992], [140.994007, 43.19932], [140.993355, 43.19916], [140.993722, 43.198496], [140.993808, 43.198301], [140.993808, 43.198244], [140.993818, 43.198211]]}}, {"type": "Feature", "properties": {"profile": "car", "route": "札幌駅→新千歳空港", "engine": "OSRM", "distance_km": 46.024, "duration_min": 37.3}, "geometry": {"type": "LineString", "coordinates": [[141.350217, 43.069338], [141.350217, 43.069338], [141.35006, 43.069284], [141.35, 43.069271], [141.349887, 43.069247], [141.349865, 43.069172], [141.349833, 43.069122], [141.349821, 43.069104], [141.349744, 43.069046], [141.349617, 43.069], [141.348382, 43.068818], [141.348635, 43.06781], [141.348643, 43.067777], [141.348922, 43.066667], [141.348953, 43.066543], [141.349884, 43.066667], [141.35, 43.066682], [141.350531, 43.066753], [141.350552, 43.066667], [141.350558, 43.066641], [141.350669, 43.066182], [141.350797, 43.065696], [141.350829, 43.065566], [141.350859, 43.065441], [141.350976, 43.064977], [141.3511, 43.064497], [141.351132, 43.064371], [141.351167, 43.064221], [141.351405, 43.063297], [141.351431, 43.063193], [141.351463, 43.063066], [141.35157, 43.062623], [141.351684, 43.062163], [141.351712, 43.062045], [141.351747, 43.061914], [141.352001, 43.060941], [141.352013, 43.060896], [141.352041, 43.060792], [141.352066, 43.060688], [141.352151, 43.060353], [141.352167, 43.060291], [141.352205, 43.06014], [141.352227, 43.060054], [141.35234, 43.059612], [141.35235, 43.05957], [141.352364, 43.059518], [141.352466, 43.059101], [141.352488, 43.059006], [141.352518, 43.058887], [141.352616, 43.058487], [141.352634, 43.058415], [141.352646, 43.05837], [141.352655, 43.058333], [141.352756, 43.057925], [141.352774, 43.057853], [141.352792, 43.057786], [141.352908, 43.057329], [141.352926, 43.057261], [141.352935, 43.057223], [141.353043, 43.056787], [141.353064, 43.056705], [141.353082, 43.056635], [141.353196, 43.056177], [141.353206, 43.056134], [141.353217, 43.056089], [141.353287, 43.055814], [141.353325, 43.05567], [141.353571, 43.055703], [141.354688, 43.05585], [141.354895, 43.055876], [141.355098, 43.055906], [141.356354, 43.05608], [141.356489, 43.056097], [141.356659, 43.056121], [141.357294, 43.056208], [141.357668, 43.056261], [141.357928, 43.056297], [141.358034, 43.056311], [141.358333, 43.056352], [141.35858, 43.056387], [141.35869, 43.056399], [141.359303, 43.056478], [141.359932, 43.056568], [141.360077, 43.056592], [141.360284, 43.05662], [141.36086, 43.056695], [141.361486, 43.05678], [141.36164, 43.056801], [141.361804, 43.056805], [141.361945, 43.056801], [141.362118, 43.056792], [141.362308, 43.056767], [141.362441, 43.056746], [141.362731, 43.056668], [141.36304, 43.056555], [141.363153, 43.056501], [141.363656, 43.056211], [141.363754, 43.056152], [141.363794, 43.056129], [141.363875, 43.056076], [141.364311, 43.055799], [141.365114, 43.055305], [141.365225, 43.055232], [141.365494, 43.055065], [141.366224, 43.054614], [141.366481, 43.054455], [141.366667, 43.05434], [141.366864, 43.054216], [141.367406, 43.05388], [141.367611, 43.053755], [141.367894, 43.053583], [141.367998, 43.053519], [141.36833, 43.053318], [141.369699, 43.052462], [141.371064, 43.051611], [141.37162, 43.051271], [141.37207, 43.050989], [141.373203, 43.050282], [141.373661, 43.05], [141.374556, 43.049446], [141.375, 43.049168], [141.375258, 43.049009], [141.375317, 43.048972], [141.37549, 43.048865], [141.375669, 43.048753], [141.376097, 43.048482], [141.376733, 43.048097], [141.377261, 43.04776], [141.377343, 43.047709], [141.377562, 43.047575], [141.378479, 43.047011], [141.379327, 43.046486], [141.380009, 43.046065], [141.380118, 43.045996], [141.38104, 43.04543], [141.38156, 43.045106], [141.382119, 43.044756], [141.382705, 43.044417], [141.383333, 43.04403], [141.383414, 43.043981], [141.384585, 43.043267], [141.384655, 43.043222], [141.385995, 43.042412], [141.386054, 43.042375], [141.386734, 43.041961], [141.387071, 43.041741], [141.387196, 43.041667], [141.387715, 43.041359], [141.388313, 43.040982], [141.388937, 43.040617], [141.389744, 43.040028], [141.390122, 43.039656], [141.390256, 43.03952], [141.390428, 43.039341], [141.390598, 43.039162], [141.390755, 43.038971], [141.390912, 43.038782], [141.391011, 43.038647], [141.391042, 43.038608], [141.391271, 43.038245], [141.391429, 43.037995], [141.391629, 43.037684], [141.391667, 43.037623], [141.391875, 43.037294], [141.392229, 43.036755], [141.392457, 43.036406], [141.392542, 43.036274], [141.392739, 43.035968], [141.392956, 43.035646], [141.393276, 43.035172], [141.393354, 43.035054], [141.393497, 43.034835], [141.393574, 43.034707], [141.393776, 43.034396], [141.394041, 43.033987], [141.394301, 43.033586], [141.394367, 43.033483], [141.394466, 43.033333], [141.394624, 43.033093], [141.394797, 43.032831], [141.395437, 43.03183], [141.395555, 43.031646], [141.39568, 43.031457], [141.395923, 43.03109], [141.396024, 43.030937], [141.396206, 43.030661], [141.396333, 43.030486], [141.396419, 43.030346], [141.396708, 43.02991], [141.397005, 43.029445], [141.397129, 43.029243], [141.397141, 43.029224], [141.397154, 43.029203], [141.39747, 43.028704], [141.397639, 43.028437], [141.397678, 43.028377], [141.397984, 43.02785], [141.398316, 43.027199], [141.398798, 43.026171], [141.399, 43.025718], [141.399296, 43.025271], [141.399525, 43.025], [141.4, 43.024545], [141.400063, 43.024485], [141.40021, 43.024352], [141.400935, 43.023668], [141.401332, 43.023288], [141.401484, 43.023139], [141.401674, 43.022955], [141.401693, 43.02294], [141.402347, 43.022327], [141.402494, 43.02219], [141.402684, 43.022014], [141.403194, 43.021538], [141.403302, 43.021439], [141.403493, 43.021263], [141.403677, 43.021097], [141.404245, 43.020565], [141.404512, 43.020315], [141.40457, 43.020265], [141.404697, 43.02016], [141.405083, 43.019846], [141.405865, 43.019309], [141.406184, 43.019106], [141.406432, 43.018962], [141.406831, 43.018763], [141.407861, 43.018251], [141.407972, 43.018195], [141.408083, 43.01814], [141.408333, 43.018003], [141.408728, 43.017788], [141.409436, 43.01744], [141.409908, 43.017222], [141.41037, 43.016995], [141.411047, 43.016667], [141.411643, 43.016379], [141.411931, 43.01624], [141.412637, 43.015893], [141.413228, 43.015562], [141.414556, 43.014839], [141.41599, 43.014051], [141.416479, 43.013801], [141.416667, 43.013708], [141.416695, 43.013694], [141.416984, 43.013533], [141.417684, 43.013153], [141.418374, 43.01278], [141.418448, 43.012737], [141.418583, 43.012663], [141.419378, 43.012229], [141.419992, 43.011893], [141.420141, 43.01181], [141.420537, 43.011596], [141.420906, 43.0114], [141.421003, 43.011348], [141.421477, 43.011087], [141.422039, 43.010747], [141.42279, 43.010305], [141.423444, 43.009918], [141.424401, 43.009346], [141.425, 43.008991], [141.42519, 43.008879], [141.425989, 43.008398], [141.426101, 43.008333], [141.427195, 43.007696], [141.428588, 43.006864], [141.429065, 43.006584], [141.430108, 43.005967], [141.43017, 43.005931], [141.430777, 43.005575], [141.431239, 43.005307], [141.432187, 43.004732], [141.433087, 43.004213], [141.433333, 43.004061], [141.433538, 43.003934], [141.433679, 43.003847], [141.434186, 43.003534], [141.435297, 43.002786], [141.435463, 43.002674], [141.435931, 43.002328], [141.436553, 43.001861], [141.437225, 43.001307], [141.437949, 43.000718], [141.438353, 43.000389], [141.438362, 43.000382], [141.438649, 43.000136], [141.438776, 43.00004], [141.43882, 43], [141.438968, 42.999868], [141.439292, 42.999586], [141.440227, 42.998813], [141.441141, 42.998051], [141.44123, 42.99797], [141.441667, 42.997632], [141.441755, 42.997564], [141.442349, 42.997024], [141.443511, 42.996062], [141.443643, 42.995957], [141.443703, 42.995907], [141.444708, 42.99506], [141.445036, 42.994785], [141.445489, 42.994405], [141.445569, 42.994339], [141.445698, 42.994234], [141.446027, 42.993991], [141.446205, 42.99383], [141.446541, 42.99355], [141.447145, 42.993039], [141.447269, 42.992922], [141.448317, 42.992044], [141.448602, 42.9918], [141.448762, 42.991667], [141.449462, 42.991084], [141.449932, 42.990689], [141.45, 42.990632], [141.45016, 42.990497], [141.450693, 42.990054], [141.450887, 42.989894], [141.451095, 42.989722], [141.452219, 42.988771], [141.453241, 42.987914], [141.454685, 42.986724], [141.454954, 42.986495], [141.455564, 42.985983], [141.45628, 42.985419], [141.456472, 42.985288], [141.456645, 42.985169], [141.456984, 42.984934], [141.457644, 42.984478], [141.458109, 42.984173], [141.458333, 42.984046], [141.458717, 42.98383], [141.459426, 42.983432], [141.459631, 42.983333], [141.460271, 42.983026], [141.460864, 42.98274], [141.461724, 42.982377], [141.461873, 42.982313], [141.462561, 42.982016], [141.462626, 42.981988], [141.463288, 42.981695], [141.464511, 42.981161], [141.46496, 42.980953], [141.465391, 42.980726], [141.46558, 42.980621], [141.465739, 42.980519], [141.465916, 42.980411], [141.466274, 42.980192], [141.466557, 42.979982], [141.466667, 42.979893], [141.466804, 42.979783], [141.467367, 42.979326], [141.467546, 42.979182], [141.467728, 42.979038], [141.468385, 42.978516], [141.468919, 42.978139], [141.46895, 42.978116], [141.4694, 42.977823], [141.47002, 42.977387], [141.470113, 42.977316], [141.470538, 42.976992], [141.470942, 42.976684], [141.471141, 42.976543], [141.471386, 42.976341], [141.471511, 42.976245], [141.471563, 42.976206], [141.471922, 42.97593], [141.472098, 42.975795], [141.472197, 42.975715], [141.47262, 42.975394], [141.472749, 42.975284], [141.47281, 42.97523], [141.472974, 42.975086], [141.473042, 42.975026], [141.473075, 42.975], [141.47335, 42.974783], [141.474275, 42.974038], [141.474436, 42.973921], [141.474743, 42.973694], [141.474997, 42.973506], [141.475, 42.973503], [141.475244, 42.973332], [141.475351, 42.973254], [141.476195, 42.972592], [141.476258, 42.972539], [141.47714, 42.971823], [141.477888, 42.971319], [141.478199, 42.971134], [141.47832, 42.971052], [141.478772, 42.970774], [141.479364, 42.970399], [141.479888, 42.970068], [141.479938, 42.970036], [141.480227, 42.969844], [141.480292, 42.969801], [141.480552, 42.969637], [141.480926, 42.9694], [141.480979, 42.969359], [141.481089, 42.969285], [141.481992, 42.968647], [141.48219, 42.968501], [141.482385, 42.968359], [141.483287, 42.967706], [141.483333, 42.967674], [141.483369, 42.96765], [141.483459, 42.967579], [141.483496, 42.967545], [141.483737, 42.967319], [141.483799, 42.967266], [141.483889, 42.967197], [141.48393, 42.967162], [141.484481, 42.96669], [141.484509, 42.966667], [141.485052, 42.966176], [141.48534, 42.965938], [141.485466, 42.965851], [141.485542, 42.965786], [141.485741, 42.965618], [141.485834, 42.965539], [141.485976, 42.965426], [141.486439, 42.965084], [141.487551, 42.964266], [141.487874, 42.964029], [141.487996, 42.963939], [141.488144, 42.963815], [141.488208, 42.963782], [141.488257, 42.963745], [141.488552, 42.963529], [141.488644, 42.96347], [141.488765, 42.963388], [141.489876, 42.962557], [141.489988, 42.962473], [141.490083, 42.962406], [141.490566, 42.962044], [141.490638, 42.961992], [141.490678, 42.961964], [141.490968, 42.961753], [141.491265, 42.961534], [141.491342, 42.961478], [141.491443, 42.961405], [141.491569, 42.961315], [141.491663, 42.961246], [141.491667, 42.961244], [141.491814, 42.961138], [141.491954, 42.961033], [141.49209, 42.960934], [141.492161, 42.960883], [141.49221, 42.960847], [141.492451, 42.960673], [141.492545, 42.960605], [141.492593, 42.96057], [141.493024, 42.96026], [141.493116, 42.9602], [141.493167, 42.960161], [141.493235, 42.960105], [141.493482, 42.959895], [141.493703, 42.95971], [141.493884, 42.959553], [141.494155, 42.959313], [141.49428, 42.959169], [141.49431, 42.959136], [141.494361, 42.959084], [141.494414, 42.959027], [141.494536, 42.958891], [141.494711, 42.958684], [141.494832, 42.958527], [141.494974, 42.958333], [141.495023, 42.958261], [141.495102, 42.958146], [141.495266, 42.95787], [141.49534, 42.957733], [141.495382, 42.957651], [141.495512, 42.957381], [141.495588, 42.957193], [141.495606, 42.957147], [141.495622, 42.957099], [141.495725, 42.956787], [141.495811, 42.956397], [141.495869, 42.956113], [141.495875, 42.956074], [141.495973, 42.956081], [141.49599, 42.955939], [141.496033, 42.955467], [141.496053, 42.954842], [141.496067, 42.954062], [141.495953, 42.954059], [141.495962, 42.953786], [141.495983, 42.953584], [141.49603, 42.953353], [141.496058, 42.953198], [141.496107, 42.953019], [141.496151, 42.952869], [141.496211, 42.952698], [141.496286, 42.952521], [141.496332, 42.952412], [141.496374, 42.952314], [141.496433, 42.952207], [141.496443, 42.95219], [141.496493, 42.952075], [141.496609, 42.951861], [141.49696, 42.95137], [141.497008, 42.951298], [141.497041, 42.951251], [141.497105, 42.951161], [141.497228, 42.950985], [141.497258, 42.950936], [141.497601, 42.950498], [141.497643, 42.950445], [141.497705, 42.950373], [141.497709, 42.950368], [141.49774, 42.950322], [141.49788, 42.950115], [141.497905, 42.950082], [141.497965, 42.95], [141.497974, 42.949988], [141.498171, 42.949716], [141.498206, 42.949671], [141.49829, 42.949566], [141.498314, 42.949535], [141.498333, 42.949511], [141.498462, 42.949343], [141.49849, 42.949298], [141.498517, 42.949255], [141.498547, 42.949216], [141.498614, 42.949118], [141.498648, 42.949068], [141.498689, 42.949024], [141.498715, 42.948995], [141.49879, 42.948897], [141.498804, 42.948879], [141.498822, 42.948856], [141.498911, 42.948738], [141.499167, 42.948403], [141.499233, 42.94832], [141.499251, 42.948297], [141.499327, 42.948201], [141.499526, 42.94795], [141.499575, 42.947888], [141.499635, 42.947767], [141.499655, 42.947725], [141.5, 42.947275], [141.500022, 42.947244], [141.500256, 42.946906], [141.500333, 42.946808], [141.500349, 42.946787], [141.500375, 42.946752], [141.500837, 42.946115], [141.500891, 42.94604], [141.50094, 42.945973], [141.501231, 42.945568], [141.501285, 42.94549], [141.501304, 42.945463], [141.501346, 42.945405], [141.501592, 42.945063], [141.501648, 42.944985], [141.5017, 42.94491], [141.502253, 42.944114], [141.50233, 42.944003], [141.502368, 42.943941], [141.502438, 42.943829], [141.502665, 42.943483], [141.502669, 42.943478], [141.502727, 42.943389], [141.502789, 42.943293], [141.502808, 42.943264], [141.503043, 42.942926], [141.503076, 42.942877], [141.503101, 42.942842], [141.503244, 42.942631], [141.50329, 42.942575], [141.503417, 42.942421], [141.503497, 42.942324], [141.503539, 42.942264], [141.503627, 42.942144], [141.504056, 42.941723], [141.504102, 42.941684], [141.504123, 42.941667], [141.50415, 42.941645], [141.50419, 42.94161], [141.504495, 42.941353], [141.504897, 42.941064], [141.504984, 42.941001], [141.505105, 42.940917], [141.505245, 42.940819], [141.505537, 42.940622], [141.505682, 42.940524], [141.506177, 42.94019], [141.506315, 42.940096], [141.506389, 42.940054], [141.506522, 42.939973], [141.506699, 42.939866], [141.506913, 42.939734], [141.507103, 42.939616], [141.507331, 42.939475], [141.507501, 42.93938], [141.507907, 42.939151], [141.508333, 42.938922], [141.508802, 42.93867], [141.508841, 42.938649], [141.5089, 42.938619], [141.509032, 42.938556], [141.509053, 42.938545], [141.509097, 42.938522], [141.509596, 42.938284], [141.50971, 42.938232], [141.509797, 42.93819], [141.509826, 42.938176], [141.51043, 42.937907], [141.510674, 42.937796], [141.510783, 42.937746], [141.51086, 42.937711], [141.511592, 42.937359], [141.511746, 42.937282], [141.511846, 42.937231], [141.512543, 42.936904], [141.512671, 42.936853], [141.512722, 42.936833], [141.51285, 42.936772], [141.512947, 42.936737], [141.513215, 42.936621], [141.513412, 42.936548], [141.513687, 42.936446], [141.513734, 42.936428], [141.513893, 42.936374], [141.514059, 42.936321], [141.51453, 42.936186], [141.514644, 42.936154], [141.51469, 42.936144], [141.514747, 42.936131], [141.514871, 42.936109], [141.515415, 42.936004], [141.515767, 42.935954], [141.516022, 42.935934], [141.516152, 42.935924], [141.516425, 42.935898], [141.516667, 42.935876], [141.516743, 42.935869], [141.517414, 42.935827], [141.51775, 42.935815], [141.517902, 42.935803], [141.518122, 42.935785], [141.51876, 42.935761], [141.519367, 42.935726], [141.520278, 42.935609], [141.520712, 42.935537], [141.520823, 42.93551], [141.520948, 42.935474], [141.521426, 42.935358], [141.521745, 42.935264], [141.52205, 42.935161], [141.522201, 42.935107], [141.522441, 42.935022], [141.522783, 42.934878], [141.523204, 42.93469], [141.52389, 42.934386], [141.523992, 42.934342], [141.524246, 42.934227], [141.52428, 42.934212], [141.524918, 42.933922], [141.524973, 42.933897], [141.525, 42.933885], [141.525272, 42.93377], [141.526211, 42.93335], [141.526246, 42.933333], [141.526911, 42.933017], [141.527313, 42.932795], [141.527724, 42.932537], [141.527955, 42.932358], [141.528483, 42.931894], [141.528633, 42.931762], [141.528726, 42.931663], [141.528837, 42.931543], [141.528878, 42.931499], [141.529484, 42.930884], [141.529646, 42.930721], [141.529679, 42.930688], [141.529789, 42.93059], [141.529824, 42.930559], [141.530399, 42.929964], [141.530649, 42.929724], [141.53115, 42.929231], [141.531672, 42.928732], [141.531921, 42.928506], [141.532104, 42.928339], [141.532184, 42.92826], [141.532329, 42.928168], [141.532356, 42.92815], [141.533268, 42.92762], [141.533333, 42.927586], [141.533526, 42.927485], [141.533636, 42.927427], [141.534138, 42.927164], [141.534571, 42.926939], [141.534788, 42.926827], [141.535118, 42.926656], [141.535286, 42.926581], [141.535911, 42.926242], [141.536672, 42.925853], [141.537799, 42.925252], [141.53824, 42.925005], [141.538247, 42.925], [141.538742, 42.924658], [141.538802, 42.924611], [141.539237, 42.924314], [141.53972, 42.923911], [141.540229, 42.923486], [141.540797, 42.922978], [141.541077, 42.922727], [141.541667, 42.922225], [141.541681, 42.922212], [141.541951, 42.921908], [141.542251, 42.921535], [141.542545, 42.921079], [141.542758, 42.920658], [141.542797, 42.920574], [141.542851, 42.920448], [141.54355, 42.918781], [141.543593, 42.918677], [141.543634, 42.918586], [141.544166, 42.91745], [141.544209, 42.917351], [141.54424, 42.91728], [141.544273, 42.917205], [141.544313, 42.917113], [141.544525, 42.916667], [141.544736, 42.916157], [141.545084, 42.915443], [141.545346, 42.914868], [141.545444, 42.914687], [141.545624, 42.914296], [141.545837, 42.913832], [141.545986, 42.913529], [141.546202, 42.913154], [141.546361, 42.912914], [141.546694, 42.912436], [141.546932, 42.912172], [141.548337, 42.910849], [141.548435, 42.910752], [141.548584, 42.910613], [141.55, 42.909291], [141.550363, 42.908954], [141.551023, 42.908333], [141.551067, 42.908292], [141.551309, 42.908061], [141.551885, 42.907576], [141.552401, 42.907119], [141.552496, 42.90705], [141.552754, 42.906861], [141.55313, 42.906603], [141.55344, 42.906434], [141.553641, 42.906346], [141.553745, 42.9063], [141.554213, 42.906137], [141.554526, 42.906063], [141.554788, 42.90601], [141.555037, 42.90597], [141.555377, 42.905926], [141.555739, 42.905911], [141.556028, 42.905924], [141.556274, 42.905938], [141.556657, 42.905971], [141.557465, 42.906064], [141.557841, 42.906103], [141.558207, 42.906134], [141.558333, 42.906135], [141.558597, 42.906138], [141.558866, 42.906125], [141.559101, 42.906106], [141.559378, 42.906068], [141.559729, 42.906007], [141.560139, 42.905819], [141.560362, 42.905738], [141.560434, 42.90571], [141.560578, 42.90565], [141.560878, 42.905533], [141.56091, 42.905522], [141.562107, 42.905077], [141.562165, 42.905055], [141.562207, 42.90504], [141.562572, 42.904904], [141.563167, 42.904683], [141.56328, 42.904641], [141.563447, 42.904582], [141.563557, 42.904545], [141.563654, 42.904511], [141.563719, 42.904489], [141.563888, 42.904432], [141.564707, 42.90414], [141.56481, 42.9041], [141.564931, 42.904055], [141.566215, 42.903598], [141.56633, 42.903557], [141.566667, 42.903434], [141.566706, 42.90342], [141.566747, 42.903408], [141.568423, 42.902814], [141.569373, 42.902481], [141.570302, 42.902154], [141.57045, 42.902106], [141.570621, 42.902044], [141.570977, 42.901911], [141.571235, 42.901817], [141.572465, 42.901355], [141.575, 42.900434], [141.57619, 42.9], [141.576878, 42.899749], [141.578717, 42.899078], [141.579621, 42.898747], [141.579894, 42.898648], [141.580159, 42.898551], [141.580286, 42.898505], [141.580416, 42.898458], [141.580841, 42.898302], [141.580973, 42.898253], [141.583104, 42.897473], [141.583157, 42.897452], [141.583333, 42.897389], [141.58337, 42.897376], [141.584489, 42.896965], [141.584768, 42.896863], [141.584952, 42.896793], [141.585301, 42.896664], [141.585361, 42.896642], [141.58549, 42.896594], [141.585614, 42.896547], [141.586064, 42.896381], [141.58621, 42.896325], [141.586291, 42.896295], [141.586734, 42.896125], [141.586827, 42.89609], [141.588052, 42.895624], [141.588186, 42.895571], [141.589304, 42.895118], [141.589724, 42.894948], [141.590093, 42.894805], [141.59023, 42.894751], [141.590377, 42.894697], [141.591667, 42.894222], [141.591823, 42.894165], [141.592624, 42.893883], [141.592734, 42.893843], [141.592792, 42.893822], [141.593036, 42.893733], [141.593804, 42.893446], [141.594333, 42.893248], [141.594454, 42.893204], [141.594502, 42.893187], [141.595129, 42.89296], [141.596399, 42.892495], [141.596527, 42.892448], [141.596627, 42.89241], [141.598303, 42.8918], [141.598383, 42.89177], [141.598672, 42.891667], [141.598806, 42.89162], [141.599631, 42.891316], [141.599744, 42.891275], [141.599827, 42.891244], [141.6, 42.89118], [141.600129, 42.891133], [141.600374, 42.891045], [141.600578, 42.890973], [141.60342, 42.889929], [141.603552, 42.889882], [141.603652, 42.889843], [141.604131, 42.889637], [141.604666, 42.889359], [141.605065, 42.889087], [141.605259, 42.888946], [141.605444, 42.888796], [141.605798, 42.888469], [141.605957, 42.888309], [141.606038, 42.888207], [141.60606, 42.888179], [141.60624, 42.887938], [141.606327, 42.887815], [141.60654, 42.887455], [141.606612, 42.887304], [141.606639, 42.887247], [141.606653, 42.887212], [141.606755, 42.886965], [141.60689, 42.886479], [141.606961, 42.886133], [141.606977, 42.886053], [141.606993, 42.885972], [141.606997, 42.885954], [141.607149, 42.884743], [141.607162, 42.884659], [141.60717, 42.884598], [141.607339, 42.883566], [141.607373, 42.883333], [141.60749, 42.882501], [141.6075, 42.882417], [141.607514, 42.882339], [141.608217, 42.877251], [141.60825, 42.877058], [141.608279, 42.876863], [141.6083, 42.876679], [141.60832, 42.876445], [141.608324, 42.876391], [141.608327, 42.876156], [141.608326, 42.876112], [141.608292, 42.875537], [141.608285, 42.875482], [141.608252, 42.875201], [141.608222, 42.875], [141.608214, 42.874946], [141.608131, 42.87458], [141.6081, 42.874476], [141.608082, 42.874413], [141.607982, 42.874114], [141.607857, 42.873816], [141.607669, 42.873427], [141.60747, 42.873062], [141.606821, 42.872053], [141.606764, 42.871968], [141.606724, 42.871906], [141.606461, 42.871484], [141.605248, 42.869684], [141.60323, 42.866689], [141.603214, 42.866667], [141.602579, 42.865744], [141.602471, 42.865575], [141.602372, 42.865429], [141.602274, 42.865293], [141.602208, 42.865201], [141.602155, 42.865122], [141.601893, 42.864733], [141.601823, 42.864625], [141.601743, 42.86451], [141.600598, 42.862815], [141.600542, 42.862735], [141.600487, 42.862652], [141.6, 42.861903], [141.599969, 42.861857], [141.599788, 42.861602], [141.599956, 42.861509], [141.6, 42.861481], [141.600846, 42.860839], [141.60111, 42.860645], [141.601551, 42.860312], [141.601647, 42.860228], [141.601879, 42.86005], [141.60209, 42.859881], [141.602182, 42.859807], [141.602314, 42.859699], [141.603448, 42.858849], [141.603499, 42.858811], [141.603562, 42.858764], [141.60414, 42.858333], [141.604247, 42.858255], [141.604453, 42.858124], [141.604629, 42.858031], [141.604786, 42.857945], [141.60485, 42.857908], [141.605041, 42.857826], [141.605546, 42.857642], [141.605618, 42.857618], [141.606015, 42.857489], [141.606157, 42.857443], [141.606246, 42.857415], [141.606399, 42.857365], [141.607121, 42.857136], [141.607444, 42.856994], [141.607763, 42.856837], [141.607803, 42.856817], [141.607998, 42.856701], [141.608133, 42.856606], [141.608333, 42.856454], [141.608539, 42.856281], [141.608664, 42.856155], [141.608725, 42.856087], [141.608809, 42.855988], [141.608976, 42.855759], [141.609093, 42.855588], [141.609187, 42.855436], [141.609278, 42.855264], [141.609335, 42.855087], [141.609367, 42.854986], [141.609524, 42.854493], [141.609617, 42.854219], [141.60964, 42.854142], [141.609657, 42.854106], [141.609957, 42.853181], [141.609988, 42.853085], [141.610044, 42.852903], [141.610149, 42.852577], [141.610517, 42.851448], [141.610568, 42.851315], [141.610575, 42.851292], [141.610673, 42.850959], [141.610696, 42.850883], [141.610717, 42.850811], [141.610875, 42.850334], [141.610901, 42.850257], [141.610932, 42.850146], [141.610976, 42.85], [141.611143, 42.849449], [141.611272, 42.849159], [141.611443, 42.848873], [141.611659, 42.848596], [141.61195, 42.848295], [141.612167, 42.848079], [141.61236, 42.847917], [141.612474, 42.847837], [141.612587, 42.847743], [141.613195, 42.847242], [141.613353, 42.847112], [141.613857, 42.846738], [141.61413, 42.846499], [141.614976, 42.845808], [141.615059, 42.845741], [141.615315, 42.845531], [141.61542, 42.845446], [141.615774, 42.845159], [141.615852, 42.845095], [141.616157, 42.844843], [141.616261, 42.844758], [141.616667, 42.844428], [141.618052, 42.843287], [141.618142, 42.843215], [141.618256, 42.843124], [141.619094, 42.842448], [141.619147, 42.842407], [141.619212, 42.842352], [141.620051, 42.841667], [141.620113, 42.841615], [141.620585, 42.841228], [141.620699, 42.841138], [141.620802, 42.841058], [141.621469, 42.840516], [141.62275, 42.839467], [141.622988, 42.839268], [141.623152, 42.839128], [141.623257, 42.839045], [141.623809, 42.838604], [141.624316, 42.838201], [141.625, 42.837657], [141.625618, 42.837162], [141.626085, 42.836785], [141.626801, 42.83621], [141.628063, 42.835184], [141.628654, 42.834718], [141.629036, 42.834399], [141.629233, 42.834234], [141.629608, 42.833919], [141.629913, 42.833679], [141.630034, 42.833585], [141.630338, 42.833333], [141.630459, 42.833228], [141.631021, 42.832769], [141.632142, 42.831848], [141.633003, 42.831146], [141.633333, 42.830869], [141.633445, 42.830774], [141.633839, 42.830457], [141.634371, 42.830024], [141.63466, 42.829788], [141.635026, 42.829488], [141.635091, 42.829434], [141.635483, 42.829112], [141.637951, 42.827117], [141.638903, 42.826367], [141.639553, 42.825811], [141.640524, 42.825015], [141.640541, 42.825], [141.64084, 42.82476], [141.640962, 42.824659], [141.641667, 42.824112], [141.642357, 42.82353], [141.643431, 42.822662], [141.644032, 42.822165], [141.644437, 42.82183], [141.645005, 42.821364], [141.645273, 42.821139], [141.646114, 42.820435], [141.646181, 42.820375], [141.646559, 42.820069], [141.64657, 42.82006], [141.646608, 42.820026], [141.646623, 42.820011], [141.646713, 42.819895], [141.646792, 42.81971], [141.646915, 42.819373], [141.646964, 42.819247], [141.647077, 42.818956], [141.647154, 42.818781], [141.647284, 42.818564], [141.647533, 42.818284], [141.647749, 42.818018], [141.647782, 42.817977], [141.647993, 42.817716], [141.64838, 42.817238], [141.648479, 42.817116], [141.64856, 42.817024], [141.648661, 42.816911], [141.648726, 42.816839], [141.648744, 42.816818], [141.648876, 42.816667], [141.648964, 42.816567], [141.649097, 42.81642], [141.649155, 42.816356], [141.649232, 42.816271], [141.64978, 42.815678], [141.649961, 42.815497], [141.65, 42.815455], [141.650196, 42.815242], [141.650352, 42.815069], [141.650567, 42.815167], [141.652328, 42.815845], [141.654438, 42.816614], [141.654575, 42.816657], [141.654606, 42.816667], [141.654657, 42.816683], [141.658333, 42.817894], [141.658587, 42.817977], [141.659266, 42.818203], [141.659456, 42.818266], [141.659518, 42.818286], [141.661625, 42.818975], [141.66184, 42.819039], [141.661998, 42.818912], [141.662874, 42.818203], [141.663194, 42.817963], [141.66417, 42.817135], [141.664669, 42.816718], [141.664729, 42.816667], [141.666411, 42.815238], [141.666667, 42.815024], [141.666739, 42.814964], [141.667263, 42.814488], [141.667919, 42.813902], [141.668656, 42.813202], [141.669184, 42.812727], [141.672107, 42.810252], [141.67223, 42.810148], [141.673875, 42.808766], [141.674193, 42.808764], [141.674569, 42.808449], [141.674704, 42.808333], [141.674955, 42.808119], [141.675, 42.808076], [141.675131, 42.807954], [141.675992, 42.807221], [141.676707, 42.806625], [141.676717, 42.806617], [141.676772, 42.806527], [141.676839, 42.806407], [141.676913, 42.806272], [141.676958, 42.806166], [141.676997, 42.806059], [141.67703, 42.805885], [141.677037, 42.80577], [141.677028, 42.805682], [141.676972, 42.805435], [141.676912, 42.805293], [141.676844, 42.805154], [141.676737, 42.804984], [141.676566, 42.804755], [141.676325, 42.804483], [141.676137, 42.804247], [141.676026, 42.804067], [141.675941, 42.80386], [141.675873, 42.803653], [141.675826, 42.80342], [141.675825, 42.803195], [141.675841, 42.803029], [141.675909, 42.802667], [141.676029, 42.802137], [141.676114, 42.801552], [141.676048, 42.801559], [141.676156, 42.800948], [141.676225, 42.800551], [141.676253, 42.800387], [141.67628, 42.800228], [141.676291, 42.800164], [141.676319, 42.8], [141.676811, 42.797267], [141.676841, 42.797102], [141.676865, 42.796968], [141.676933, 42.796586], [141.67723, 42.794913], [141.677258, 42.794723], [141.677273, 42.794559], [141.677283, 42.794418], [141.677287, 42.794271], [141.677281, 42.794077], [141.677275, 42.793989], [141.677274, 42.793977], [141.677191, 42.793421], [141.676786, 42.791777], [141.676758, 42.791667], [141.676439, 42.790373], [141.676435, 42.790356], [141.67642, 42.79028], [141.676394, 42.790018], [141.676386, 42.789839], [141.676523, 42.789644], [141.6767, 42.78944], [141.67682, 42.789326], [141.676956, 42.789244], [141.677262, 42.789152], [141.677646, 42.789118], [141.678202, 42.789166], [141.678302, 42.789175], [141.67869, 42.78921], [141.678972, 42.789228], [141.679209, 42.78921], [141.679495, 42.789152], [141.679726, 42.78909], [141.680024, 42.788685], [141.680133, 42.78847], [141.680201, 42.788106], [141.680284, 42.787676], [141.680292, 42.787623]]}}, {"type": "Feature", "properties": {"profile": "car", "route": "札幌駅→新千歳空港", "engine": "Valhalla", "distance_km": 53.266, "duration_min": 55.1}, "geometry": {"type": "LineString", "coordinates": [[141.350217, 43.069338], [141.35006, 43.069284], [141.35, 43.069271], [141.349887, 43.069247], [141.349865, 43.069172], [141.349833, 43.069122], [141.349821, 43.069104], [141.349744, 43.069046], [141.349617, 43.069], [141.348382, 43.068818], [141.348635, 43.06781], [141.348643, 43.067777], [141.348922, 43.066667], [141.348953, 43.066543], [141.349884, 43.066667], [141.35, 43.066682], [141.350531, 43.066752], [141.350552, 43.066667], [141.350558, 43.066641], [141.350669, 43.066182], [141.350797, 43.065696], [141.350829, 43.065566], [141.350859, 43.065441], [141.350976, 43.064977], [141.3511, 43.064497], [141.351132, 43.064371], [141.351167, 43.064221], [141.351405, 43.063296], [141.351431, 43.063193], [141.351463, 43.063066], [141.35157, 43.062622], [141.351684, 43.062163], [141.351712, 43.062045], [141.35328, 43.062258], [141.353859, 43.062339], [141.354042, 43.062365], [141.354865, 43.062472], [141.356439, 43.062691], [141.356557, 43.062706], [141.356827, 43.062743], [141.356946, 43.06276], [141.357708, 43.062865], [141.358333, 43.062951], [141.358334, 43.062951], [141.358472, 43.06297], [141.35924, 43.063073], [141.360042, 43.063181], [141.360793, 43.063281], [141.361601, 43.06339], [141.361742, 43.063408], [141.36333, 43.063621], [141.364023, 43.063714], [141.364751, 43.063812], [141.36486, 43.063826], [141.365156, 43.063866], [141.365638, 43.06393], [141.366205, 43.064006], [141.366312, 43.064019], [141.366667, 43.064068], [141.36727, 43.06415], [141.368559, 43.064331], [141.368747, 43.064357], [141.368931, 43.064381], [141.369406, 43.064447], [141.370009, 43.06453], [141.370054, 43.064536], [141.370605, 43.064609], [141.370678, 43.064619], [141.370951, 43.064655], [141.371754, 43.064763], [141.372036, 43.064803], [141.372459, 43.064859], [141.37283, 43.064911], [141.374151, 43.065088], [141.374226, 43.065098], [141.375, 43.065204], [141.376145, 43.065358], [141.376228, 43.06537], [141.377932, 43.0656], [141.378515, 43.065705], [141.379308, 43.065853], [141.379553, 43.065908], [141.379605, 43.06592], [141.379936, 43.065997], [141.380021, 43.066022], [141.382184, 43.066667], [141.382355, 43.066718], [141.383325, 43.067013], [141.383333, 43.067016], [141.383724, 43.067138], [141.385222, 43.067589], [141.385426, 43.067654], [141.385711, 43.067733], [141.386152, 43.067865], [141.386209, 43.067882], [141.386252, 43.067895], [141.386257, 43.067896], [141.386295, 43.067908], [141.386323, 43.067917], [141.386397, 43.06794], [141.386493, 43.067971], [141.386644, 43.068021], [141.38669, 43.068037], [141.386735, 43.068054], [141.386791, 43.068075], [141.386847, 43.068096], [141.386902, 43.068118], [141.386946, 43.068136], [141.38699, 43.068155], [141.387033, 43.068174], [141.387087, 43.068198], [141.387151, 43.068227], [141.387202, 43.068254], [141.387243, 43.068275], [141.387274, 43.068292], [141.387304, 43.068308], [141.387334, 43.068325], [141.387384, 43.068354], [141.387432, 43.068383], [141.38748, 43.068413], [141.387518, 43.068437], [141.387546, 43.068456], [141.387575, 43.068474], [141.387602, 43.068493], [141.38763, 43.068512], [141.387657, 43.068531], [141.387676, 43.068544], [141.387712, 43.068569], [141.387748, 43.068595], [141.387798, 43.06863], [141.38784, 43.068594], [141.38807, 43.068729], [141.388278, 43.06886], [141.388529, 43.06903], [141.388579, 43.069063], [141.388632, 43.069097], [141.388738, 43.069164], [141.388826, 43.069218], [141.388901, 43.069263], [141.389065, 43.069356], [141.389105, 43.069376], [141.389125, 43.069387], [141.389145, 43.069397], [141.389164, 43.069408], [141.389184, 43.069418], [141.389304, 43.06948], [141.389415, 43.069535], [141.389476, 43.069565], [141.389548, 43.069599], [141.389621, 43.069632], [141.389683, 43.06966], [141.389757, 43.069692], [141.389831, 43.069724], [141.389873, 43.069741], [141.389926, 43.069763], [141.389969, 43.069781], [141.390012, 43.069798], [141.390066, 43.069819], [141.390185, 43.069864], [141.390306, 43.069907], [141.390405, 43.069942], [141.390505, 43.069975], [141.390606, 43.070007], [141.390707, 43.070039], [141.390798, 43.070065], [141.390878, 43.070088], [141.390958, 43.07011], [141.391027, 43.070129], [141.391084, 43.070143], [141.391142, 43.070157], [141.391212, 43.070174], [141.391282, 43.07019], [141.391352, 43.070205], [141.391423, 43.070219], [141.391665, 43.070269], [141.391667, 43.070269], [141.391781, 43.070293], [141.39176, 43.070341], [141.391841, 43.070353], [141.391878, 43.070359], [141.391916, 43.070364], [141.391922, 43.070365], [141.391958, 43.07037], [141.391982, 43.070374], [141.39203, 43.07038], [141.392055, 43.070383], [141.392128, 43.070392], [141.392152, 43.070394], [141.392176, 43.070397], [141.3922, 43.0704], [141.392225, 43.070402], [141.392249, 43.070405], [141.392274, 43.070407], [141.392298, 43.07041], [141.392322, 43.070412], [141.392347, 43.070414], [141.392371, 43.070416], [141.392396, 43.070418], [141.39242, 43.07042], [141.392432, 43.070421], [141.392469, 43.070424], [141.392493, 43.070426], [141.392518, 43.070428], [141.392542, 43.070429], [141.392567, 43.070431], [141.392591, 43.070432], [141.392616, 43.070434], [141.39264, 43.070435], [141.392665, 43.070436], [141.392689, 43.070438], [141.392714, 43.070439], [141.392738, 43.07044], [141.392763, 43.070441], [141.392788, 43.070442], [141.392837, 43.070443], [141.392861, 43.070444], [141.392921, 43.070445], [141.392945, 43.070446], [141.392982, 43.070447], [141.392994, 43.070447], [141.393031, 43.070447], [141.393068, 43.070447], [141.393106, 43.070447], [141.393118, 43.070447], [141.393155, 43.070447], [141.393192, 43.070447], [141.39323, 43.070446], [141.393242, 43.070446], [141.393279, 43.070445], [141.393316, 43.070444], [141.393353, 43.070443], [141.393366, 43.070443], [141.393403, 43.070442], [141.39344, 43.07044], [141.393465, 43.070439], [141.39349, 43.070438], [141.393586, 43.070433], [141.393636, 43.07043], [141.393648, 43.070429], [141.393684, 43.070427], [141.393721, 43.070424], [141.393866, 43.070414], [141.393878, 43.070413], [141.393915, 43.070411], [141.393939, 43.070409], [141.393963, 43.070408], [141.393987, 43.070407], [141.394, 43.070406], [141.394012, 43.070406], [141.394036, 43.070405], [141.39406, 43.070404], [141.394085, 43.070403], [141.394109, 43.070403], [141.394121, 43.070402], [141.394146, 43.070402], [141.394182, 43.070402], [141.394207, 43.070402], [141.394243, 43.070402], [141.394255, 43.070402], [141.394279, 43.070402], [141.394304, 43.070403], [141.394328, 43.070403], [141.394353, 43.070404], [141.394452, 43.070409], [141.394547, 43.070415], [141.394594, 43.070419], [141.394721, 43.070429], [141.394942, 43.070455], [141.395166, 43.070488], [141.395353, 43.070523], [141.39557, 43.070582], [141.395682, 43.07062], [141.395823, 43.070676], [141.396011, 43.070758], [141.396242, 43.070874], [141.39636, 43.07094], [141.396464, 43.070999], [141.396602, 43.071094], [141.396823, 43.071272], [141.397012, 43.071442], [141.397164, 43.071571], [141.397618, 43.07194], [141.397888, 43.072169], [141.398005, 43.072254], [141.398601, 43.072686], [141.399129, 43.073084], [141.399237, 43.073165], [141.399688, 43.073481], [141.4, 43.073723], [141.400607, 43.074159], [141.401699, 43.075], [141.402072, 43.075322], [141.402299, 43.075536], [141.40363, 43.076782], [141.403987, 43.077137], [141.40403, 43.077177], [141.404734, 43.077839], [141.405666, 43.078725], [141.406161, 43.079193], [141.406499, 43.07954], [141.406584, 43.079634], [141.406672, 43.079731], [141.407013, 43.080129], [141.407593, 43.080846], [141.407675, 43.080947], [141.407813, 43.081133], [141.40827, 43.081752], [141.408333, 43.081839], [141.408337, 43.081843], [141.409254, 43.083054], [141.409482, 43.083333], [141.410129, 43.084198], [141.41136, 43.085739], [141.41136, 43.08574], [141.411603, 43.086044], [141.412586, 43.087347], [141.413088, 43.087995], [141.413326, 43.088226], [141.413571, 43.088459], [141.413683, 43.088562], [141.413786, 43.088646], [141.413796, 43.088656], [141.413826, 43.088679], [141.413584, 43.088832], [141.413388, 43.088957], [141.413243, 43.089049], [141.412983, 43.089224], [141.412933, 43.089403], [141.412827, 43.089473], [141.41222, 43.089824], [141.411957, 43.089958], [141.411703, 43.090088], [141.411073, 43.090381], [141.410737, 43.09052], [141.409757, 43.090893], [141.409505, 43.090992], [141.409261, 43.091077], [141.408913, 43.091119], [141.409042, 43.091067], [141.409193, 43.091006], [141.409452, 43.090901], [141.409949, 43.0907], [141.410225, 43.090582], [141.410296, 43.090552], [141.411203, 43.09014], [141.412658, 43.089396], [141.413427, 43.088924], [141.414387, 43.08824], [141.415522, 43.087348], [141.41622, 43.086688], [141.416667, 43.086229], [141.416684, 43.086211], [141.417097, 43.085743], [141.417475, 43.085267], [141.417865, 43.08477], [141.418071, 43.084483], [141.418471, 43.083866], [141.418553, 43.083716], [141.41874, 43.083333], [141.418758, 43.083297], [141.41879, 43.083233], [141.418829, 43.083153], [141.41899, 43.082773], [141.419186, 43.082295], [141.419467, 43.081394], [141.419634, 43.080729], [141.419742, 43.080323], [141.419846, 43.079906], [141.419931, 43.079543], [141.419978, 43.079355], [141.419992, 43.079288], [141.420124, 43.078791], [141.420247, 43.078256], [141.420419, 43.077565], [141.420751, 43.076236], [141.42102, 43.07513], [141.421052, 43.075006], [141.421054, 43.075], [141.421326, 43.073846], [141.421512, 43.073123], [141.421539, 43.073032], [141.421592, 43.072824], [141.421615, 43.072732], [141.422106, 43.070748], [141.422174, 43.070474], [141.422311, 43.069906], [141.42241, 43.069523], [141.423104, 43.066667], [141.423177, 43.066392], [141.423563, 43.06483], [141.423628, 43.064566], [141.423763, 43.064042], [141.423979, 43.063166], [141.424098, 43.062669], [141.424206, 43.062267], [141.424329, 43.061762], [141.424432, 43.061385], [141.424517, 43.061116], [141.424645, 43.060744], [141.424736, 43.060509], [141.424841, 43.060255], [141.424988, 43.059932], [141.425, 43.059906], [141.425201, 43.059496], [141.425401, 43.059128], [141.425536, 43.058894], [141.425653, 43.058692], [141.425886, 43.058334], [141.425886, 43.058333], [141.426002, 43.058173], [141.42604, 43.058113], [141.426234, 43.05784], [141.426794, 43.057045], [141.427273, 43.056375], [141.427539, 43.056001], [141.427882, 43.055526], [141.429142, 43.053756], [141.429376, 43.053427], [141.429478, 43.053284], [141.430132, 43.052365], [141.431017, 43.051114], [141.431164, 43.050908], [141.431506, 43.05043], [141.431812, 43.05], [141.431812, 43.05], [141.43269, 43.048761], [141.432934, 43.048417], [141.433199, 43.048043], [141.433328, 43.047864], [141.433333, 43.047855], [141.434194, 43.046646], [141.434512, 43.046206], [141.434886, 43.045674], [141.435179, 43.045262], [141.435548, 43.044743], [141.436869, 43.042881], [141.437155, 43.042483], [141.437728, 43.041669], [141.43773, 43.041667], [141.438048, 43.041221], [141.438451, 43.040654], [141.438697, 43.040307], [141.438904, 43.040018], [141.440357, 43.037971], [141.440835, 43.037307], [141.441164, 43.036836], [141.441667, 43.036137], [141.442163, 43.035434], [141.443494, 43.033556], [141.443653, 43.033333], [141.444529, 43.032103], [141.445365, 43.030948], [141.445681, 43.030515], [141.446026, 43.030072], [141.446445, 43.029569], [141.446695, 43.029283], [141.447042, 43.028907], [141.44738, 43.028564], [141.447587, 43.028365], [141.447783, 43.028179], [141.448233, 43.027767], [141.448918, 43.027205], [141.449101, 43.027064], [141.449383, 43.026856], [141.449552, 43.026732], [141.4499, 43.026484], [141.45, 43.026417], [141.450042, 43.026388], [141.450888, 43.025839], [141.452064, 43.025157], [141.452353, 43.025], [141.452361, 43.024996], [141.452786, 43.024765], [141.45298, 43.024663], [141.453385, 43.024445], [141.453974, 43.024137], [141.454872, 43.023662], [141.455519, 43.023313], [141.455738, 43.023193], [141.456024, 43.023035], [141.456375, 43.022834], [141.456561, 43.022729], [141.456873, 43.022541], [141.457032, 43.022446], [141.457319, 43.022264], [141.457677, 43.022028], [141.457851, 43.021908], [141.458064, 43.021767], [141.458333, 43.021582], [141.458341, 43.021576], [141.458408, 43.021528], [141.458717, 43.021301], [141.459194, 43.020935], [141.459621, 43.020591], [141.459966, 43.020295], [141.46034, 43.019971], [141.460645, 43.019691], [141.460907, 43.01944], [141.461141, 43.019195], [141.461364, 43.01896], [141.461806, 43.018483], [141.462218, 43.018013], [141.46256, 43.017586], [141.462818, 43.017239], [141.463019, 43.01696], [141.463211, 43.01668], [141.46322, 43.016667], [141.46341, 43.016382], [141.463527, 43.016204], [141.46389, 43.015607], [141.464043, 43.015324], [141.464533, 43.014331], [141.464735, 43.013872], [141.465149, 43.0128], [141.465286, 43.012404], [141.465518, 43.011657], [141.465742, 43.010885], [141.466111, 43.009551], [141.46626, 43.008991], [141.466421, 43.008338], [141.466422, 43.008333], [141.466579, 43.007622], [141.466667, 43.007225], [141.466683, 43.007152], [141.466869, 43.006255], [141.466976, 43.005725], [141.467113, 43.004928], [141.46735, 43.003653], [141.46746, 43.003012], [141.467545, 43.002527], [141.467635, 43.002002], [141.467813, 43.001017], [141.467999, 43.0], [141.468029, 42.999846], [141.469123, 42.99372], [141.469157, 42.993536], [141.46925, 42.992985], [141.469263, 42.992906], [141.469291, 42.992773], [141.46935, 42.992473], [141.469512, 42.991667], [141.469569, 42.991367], [141.469646, 42.991013], [141.46979, 42.990357], [141.469965, 42.989618], [141.470125, 42.989027], [141.470328, 42.988402], [141.470503, 42.987869], [141.470748, 42.987188], [141.471068, 42.986426], [141.471376, 42.985699], [141.471729, 42.984996], [141.471935, 42.984599], [141.472582, 42.983486], [141.472679, 42.983333], [141.473038, 42.982767], [141.473396, 42.982231], [141.473628, 42.981912], [141.473891, 42.981531], [141.474281, 42.981015], [141.474674, 42.980541], [141.474964, 42.98021], [141.475, 42.980168], [141.47508, 42.980071], [141.475801, 42.979276], [141.476678, 42.978334], [141.477243, 42.977767], [141.477862, 42.977254], [141.479088, 42.976253], [141.479722, 42.975719], [141.480539, 42.975106], [141.480681, 42.975], [141.48126, 42.974579], [141.482116, 42.973982], [141.482497, 42.973706], [141.48311, 42.973262], [141.483333, 42.973111], [141.484893, 42.972057], [141.485242, 42.971804], [141.486021, 42.97127], [141.486414, 42.971004], [141.486572, 42.970897], [141.487762, 42.970093], [141.488053, 42.969883], [141.488898, 42.969311], [141.48928, 42.969043], [141.489756, 42.968709], [141.490531, 42.968184], [141.49112, 42.967753], [141.491444, 42.967532], [141.491667, 42.967375], [141.491714, 42.967341], [141.492585, 42.966698], [141.492654, 42.966677], [141.492667, 42.966667], [141.494381, 42.965404], [141.495902, 42.964261], [141.496305, 42.963949], [141.496787, 42.963572], [141.497692, 42.962859], [141.498778, 42.961997], [141.499633, 42.961322], [141.5, 42.961031], [141.500451, 42.96068], [141.501845, 42.959569], [141.502967, 42.958681], [141.503397, 42.958333], [141.503518, 42.958236], [141.504587, 42.957387], [141.505297, 42.956823], [141.506106, 42.95618], [141.507628, 42.954966], [141.508333, 42.954404], [141.508384, 42.954364], [141.509885, 42.953197], [141.510001, 42.953106], [141.510441, 42.952729], [141.510739, 42.952517], [141.511824, 42.951622], [141.51226, 42.951254], [141.512598, 42.951001], [141.512763, 42.950859], [141.512884, 42.95075], [141.513077, 42.950587], [141.513653, 42.95], [141.51372, 42.949931], [141.51569, 42.947927], [141.515886, 42.947646], [141.516667, 42.946724], [141.516784, 42.946586], [141.517622, 42.945498], [141.518419, 42.944421], [141.518455, 42.944372], [141.518633, 42.94413], [141.519253, 42.943287], [141.519818, 42.942545], [141.519883, 42.942459], [141.520091, 42.942186], [141.520495, 42.941667], [141.520831, 42.941235], [141.520953, 42.941079], [141.521243, 42.94072], [141.52176, 42.940082], [141.521841, 42.939983], [141.522745, 42.938954], [141.522778, 42.938916], [141.524409, 42.937229], [141.524597, 42.937039], [141.525, 42.936665], [141.525836, 42.935889], [141.526547, 42.935278], [141.527028, 42.934864], [141.528241, 42.933888], [141.528951, 42.933333], [141.53001, 42.932507], [141.53045, 42.93218], [141.5319, 42.931038], [141.532089, 42.930898], [141.533214, 42.930028], [141.533333, 42.929934], [141.533716, 42.929632], [141.534509, 42.929012], [141.535778, 42.928036], [141.537032, 42.92707], [141.538309, 42.926046], [141.539534, 42.925015], [141.539552, 42.925], [141.539586, 42.924972], [141.540056, 42.924572], [141.540601, 42.924098], [141.541667, 42.923136], [141.541683, 42.923121], [141.541863, 42.92294], [141.542418, 42.922429], [141.543026, 42.921836], [141.543382, 42.921465], [141.544302, 42.920478], [141.544837, 42.919878], [141.54536, 42.919239], [141.545444, 42.919134], [141.545642, 42.918884], [141.54603, 42.918346], [141.546649, 42.917453], [141.547148, 42.916667], [141.547343, 42.916328], [141.547426, 42.91619], [141.547782, 42.915604], [141.548403, 42.914418], [141.548901, 42.913309], [141.548922, 42.913262], [141.549302, 42.912265], [141.54963, 42.911312], [141.55, 42.91009], [141.550018, 42.910032], [141.550105, 42.909736], [141.550123, 42.909679], [141.550335, 42.908517], [141.550346, 42.908453], [141.550367, 42.908333], [141.550431, 42.907973], [141.550532, 42.907198], [141.550587, 42.906766], [141.550693, 42.905116], [141.550702, 42.904211], [141.550685, 42.903411], [141.550616, 42.901895], [141.550467, 42.900651], [141.5504, 42.900098], [141.550387, 42.9], [141.550024, 42.89725], [141.55, 42.89707], [141.549921, 42.896474], [141.549821, 42.89579], [141.549632, 42.894495], [141.549524, 42.893752], [141.549357, 42.892351], [141.549274, 42.891728], [141.54927, 42.891667], [141.549224, 42.891012], [141.549201, 42.890676], [141.549185, 42.890455], [141.549144, 42.889333], [141.549146, 42.889214], [141.549154, 42.888423], [141.549158, 42.888131], [141.549199, 42.887366], [141.549246, 42.886711], [141.549314, 42.886074], [141.549427, 42.885364], [141.549583, 42.884546], [141.549785, 42.883605], [141.549844, 42.883333], [141.549879, 42.883168], [141.55, 42.882734], [141.550116, 42.882318], [141.550439, 42.881355], [141.550884, 42.880032], [141.551053, 42.879572], [141.551951, 42.877405], [141.552999, 42.875], [141.553507, 42.873821], [141.55362, 42.873541], [141.554409, 42.871132], [141.554471, 42.870966], [141.554525, 42.870828], [141.554543, 42.870722], [141.554592, 42.870668], [141.55476, 42.870294], [141.55494, 42.869895], [141.554995, 42.869716], [141.555224, 42.86934], [141.555754, 42.868515], [141.556275, 42.86733], [141.556559, 42.866667], [141.556919, 42.865824], [141.557139, 42.865321], [141.557765, 42.86389], [141.558333, 42.862772], [141.558354, 42.862731], [141.558717, 42.862035], [141.559093, 42.861376], [141.559136, 42.861281], [141.559422, 42.860787], [141.560208, 42.859529], [141.561009, 42.858453], [141.561111, 42.858333], [141.561957, 42.857332], [141.562276, 42.856966], [141.562518, 42.856687], [141.563104, 42.856091], [141.563979, 42.855274], [141.564667, 42.854667], [141.565406, 42.854042], [141.566402, 42.853273], [141.566667, 42.853088], [141.56738, 42.85259], [141.56854, 42.851845], [141.569885, 42.851052], [141.571439, 42.850241], [141.571966, 42.85], [141.572334, 42.849831], [141.573298, 42.849417], [141.574287, 42.84901], [141.575, 42.848728], [141.575132, 42.848675], [141.575433, 42.848557], [141.577262, 42.847889], [141.578453, 42.847488], [141.578782, 42.847383], [141.58075, 42.846748], [141.581034, 42.846666], [141.581578, 42.846507], [141.582292, 42.846266], [141.583287, 42.845922], [141.583333, 42.845906], [141.584475, 42.845534], [141.585677, 42.845134], [141.586689, 42.844809], [141.589121, 42.844009], [141.590468, 42.843545], [141.591667, 42.843149], [141.592027, 42.84303], [141.592266, 42.842952], [141.594372, 42.842217], [141.595204, 42.841927], [141.595872, 42.841667], [141.597234, 42.841135], [141.597356, 42.841088], [141.599455, 42.840168], [141.599557, 42.840118], [141.6, 42.839903], [141.600633, 42.839596], [141.600919, 42.839457], [141.601192, 42.839315], [141.601473, 42.839169], [141.601908, 42.838942], [141.6022, 42.83879], [141.602329, 42.838716], [141.603583, 42.837989], [141.604715, 42.83727], [141.605717, 42.836582], [141.606374, 42.836084], [141.607098, 42.835528], [141.607803, 42.834948], [141.608074, 42.834707], [141.608268, 42.834537], [141.608333, 42.834474], [141.60841, 42.8344], [141.609298, 42.833573], [141.609406, 42.833464], [141.609557, 42.833333], [141.610137, 42.832725], [141.61075, 42.832076], [141.611409, 42.831305], [141.612002, 42.830552], [141.612555, 42.829806], [141.612839, 42.829401], [141.613287, 42.828725], [141.613638, 42.828141], [141.614016, 42.827528], [141.614136, 42.82731], [141.614431, 42.826777], [141.614669, 42.826338], [141.615007, 42.825649], [141.615325, 42.825], [141.615533, 42.824575], [141.616053, 42.823461], [141.61628, 42.822935], [141.616667, 42.82204], [141.617168, 42.82088], [141.61729, 42.820597], [141.617652, 42.819699], [141.617689, 42.819622], [141.618631, 42.817381], [141.618934, 42.816667], [141.619721, 42.814793], [141.620558, 42.812818], [141.620796, 42.812839], [141.620962, 42.812641], [141.621077, 42.812547], [141.621224, 42.812455], [141.621394, 42.812374], [141.621515, 42.812333], [141.621686, 42.812297], [141.621881, 42.812265], [141.622127, 42.812257], [141.622286, 42.812261], [141.622288, 42.812193], [141.622757, 42.812261], [141.623354, 42.81232], [141.623353, 42.812246], [141.623552, 42.812218], [141.623666, 42.812182], [141.623791, 42.812123], [141.624047, 42.811921], [141.624613, 42.811566], [141.625, 42.811373], [141.625143, 42.811302], [141.62547, 42.811166], [141.625648, 42.811107], [141.625866, 42.811064], [141.62621, 42.811019], [141.626577, 42.810987], [141.626927, 42.810897], [141.626943, 42.810925], [141.627036, 42.810892], [141.627693, 42.810639], [141.628401, 42.810415], [141.628967, 42.810287], [141.629256, 42.81024], [141.629906, 42.810141], [141.630383, 42.810103], [141.630929, 42.810098], [141.631478, 42.810114], [141.631541, 42.810118], [141.631809, 42.810132], [141.632404, 42.810176], [141.632573, 42.810188], [141.633142, 42.810242], [141.633333, 42.810261], [141.633373, 42.810264], [141.634994, 42.8104], [141.635152, 42.810413], [141.635243, 42.81042], [141.636046, 42.8105], [141.636251, 42.810519], [141.636417, 42.810544], [141.636535, 42.810562], [141.636701, 42.810597], [141.63693, 42.810664], [141.637107, 42.81072], [141.637157, 42.810737], [141.63838, 42.811254], [141.638538, 42.811313], [141.638793, 42.811409], [141.639048, 42.811509], [141.639162, 42.811553], [141.639356, 42.811629], [141.63966, 42.811753], [141.639733, 42.81178], [141.640816, 42.812212], [141.641132, 42.812362], [141.641449, 42.812535], [141.641617, 42.812639], [141.641667, 42.81267], [141.641705, 42.812693], [141.641792, 42.812752], [141.641872, 42.812814], [141.642545, 42.81336], [141.642587, 42.813396], [141.642646, 42.81344], [141.643424, 42.814068], [141.643496, 42.814127], [141.643578, 42.814177], [141.643638, 42.814213], [141.643846, 42.81434], [141.644372, 42.814589], [141.64477, 42.81476], [141.644881, 42.814808], [141.645024, 42.814869], [141.645348, 42.815072], [141.645403, 42.815118], [141.645449, 42.815161], [141.645584, 42.815279], [141.645703, 42.815407], [141.645872, 42.815589], [141.645938, 42.815659], [141.645997, 42.815705], [141.646367, 42.815947], [141.646409, 42.815971], [141.646504, 42.816018], [141.64682, 42.816199], [141.646946, 42.81627], [141.647054, 42.81633], [141.647677, 42.816667], [141.647781, 42.816723], [141.647924, 42.816804], [141.648046, 42.816873], [141.648201, 42.816961], [141.648246, 42.816986], [141.648479, 42.817116], [141.64856, 42.817024], [141.648661, 42.816911], [141.648725, 42.816839], [141.648744, 42.816818], [141.648876, 42.816667], [141.648964, 42.816567], [141.649097, 42.81642], [141.649155, 42.816356], [141.649232, 42.816271], [141.64978, 42.815678], [141.649961, 42.815497], [141.65, 42.815455], [141.650196, 42.815242], [141.650352, 42.815069], [141.650567, 42.815167], [141.652328, 42.815845], [141.654438, 42.816613], [141.654575, 42.816656], [141.654606, 42.816667], [141.654657, 42.816683], [141.658333, 42.817894], [141.658587, 42.817977], [141.659266, 42.818203], [141.659456, 42.818266], [141.659518, 42.818286], [141.661625, 42.818975], [141.66184, 42.819039], [141.661998, 42.818912], [141.662874, 42.818203], [141.663194, 42.817963], [141.66417, 42.817135], [141.664668, 42.816718], [141.664729, 42.816667], [141.666411, 42.815238], [141.666667, 42.815024], [141.666739, 42.814964], [141.667263, 42.814488], [141.667919, 42.813902], [141.668656, 42.813201], [141.669184, 42.812727], [141.672107, 42.810252], [141.67223, 42.810148], [141.673875, 42.808766], [141.674193, 42.808764], [141.674569, 42.808449], [141.674704, 42.808333], [141.674955, 42.808119], [141.675, 42.808076], [141.675131, 42.807954], [141.675992, 42.807221], [141.676707, 42.806625], [141.676717, 42.806617], [141.676772, 42.806527], [141.676839, 42.806407], [141.676913, 42.806272], [141.676958, 42.806165], [141.676997, 42.806058], [141.67703, 42.805885], [141.677037, 42.80577], [141.677028, 42.805682], [141.676972, 42.805435], [141.676912, 42.805293], [141.676844, 42.805154], [141.676737, 42.804984], [141.676566, 42.804755], [141.676325, 42.804483], [141.676136, 42.804247], [141.676026, 42.804066], [141.675941, 42.80386], [141.675873, 42.803653], [141.675826, 42.80342], [141.675825, 42.803195], [141.675841, 42.803029], [141.675909, 42.802667], [141.676028, 42.802137], [141.676114, 42.801551], [141.676048, 42.801559], [141.676156, 42.800948], [141.676225, 42.800551], [141.676253, 42.800387], [141.67628, 42.800228], [141.676291, 42.800164], [141.676319, 42.8], [141.676811, 42.797267], [141.676841, 42.797102], [141.676865, 42.796968], [141.676933, 42.796586], [141.67723, 42.794913], [141.677258, 42.794723], [141.677273, 42.794559], [141.677283, 42.794418], [141.677287, 42.79427], [141.677281, 42.794077], [141.677275, 42.793989], [141.677274, 42.793977], [141.677191, 42.793421], [141.676786, 42.791777], [141.676758, 42.791667], [141.676439, 42.790373], [141.676435, 42.790356], [141.67642, 42.79028], [141.676394, 42.790018], [141.676385, 42.789839], [141.676523, 42.789644], [141.6767, 42.78944], [141.67682, 42.789326], [141.676956, 42.789243], [141.677262, 42.789152], [141.677646, 42.789117], [141.678201, 42.789166], [141.678302, 42.789175], [141.67869, 42.78921], [141.678972, 42.789228], [141.679209, 42.78921], [141.679495, 42.789152], [141.679726, 42.78909], [141.680024, 42.788685], [141.680133, 42.78847], [141.680201, 42.788106], [141.680284, 42.787676], [141.680292, 42.787623]]}}, {"type": "Feature", "properties": {"profile": "car", "route": "札幌駅→新千歳空港", "engine": "GraphHopper", "distance_km": 47.024, "duration_min": 37.1}, "geometry": {"type": "LineString", "coordinates": [[141.350217, 43.069338], [141.35006, 43.069284], [141.349887, 43.069247], [141.349865, 43.069172], [141.349821, 43.069104], [141.349744, 43.069046], [141.349617, 43.069], [141.348382, 43.068818], [141.348953, 43.066543], [141.350531, 43.066753], [141.351431, 43.063193], [141.351712, 43.062045], [141.35235, 43.05957], [141.353325, 43.05567], [141.354895, 43.055876], [141.35858, 43.056387], [141.359303, 43.056478], [141.360077, 43.056592], [141.36164, 43.056801], [141.361804, 43.056805], [141.362118, 43.056792], [141.362441, 43.056746], [141.362731, 43.056668], [141.36304, 43.056555], [141.363153, 43.056501], [141.363794, 43.056129], [141.366864, 43.054216], [141.36833, 43.053318], [141.376097, 43.048482], [141.376733, 43.048097], [141.377343, 43.047709], [141.38104, 43.04543], [141.382119, 43.044756], [141.382705, 43.044417], [141.386734, 43.041961], [141.387071, 43.041741], [141.387715, 43.041359], [141.388313, 43.040982], [141.388937, 43.040617], [141.389744, 43.040028], [141.390122, 43.039656], [141.390598, 43.039162], [141.390912, 43.038782], [141.391042, 43.038608], [141.391875, 43.037294], [141.392739, 43.035968], [141.393497, 43.034835], [141.395555, 43.031646], [141.396206, 43.030661], [141.396333, 43.030486], [141.396708, 43.02991], [141.397678, 43.028377], [141.397984, 43.02785], [141.398316, 43.027199], [141.398798, 43.026171], [141.399, 43.025718], [141.399296, 43.025271], [141.399525, 43.025], [141.400935, 43.023668], [141.401674, 43.022955], [141.404512, 43.020315], [141.405083, 43.019846], [141.405865, 43.019309], [141.406184, 43.019106], [141.406432, 43.018962], [141.407972, 43.018195], [141.408728, 43.017788], [141.409436, 43.01744], [141.409908, 43.017222], [141.412637, 43.015893], [141.41599, 43.014051], [141.416695, 43.013694], [141.421477, 43.011087], [141.425989, 43.008398], [141.427195, 43.007696], [141.428588, 43.006864], [141.431239, 43.005307], [141.432187, 43.004732], [141.433087, 43.004213], [141.434186, 43.003534], [141.435463, 43.002674], [141.436553, 43.001861], [141.438353, 43.000389], [141.438649, 43.000136], [141.438776, 43.00004], [141.439292, 42.999586], [141.44123, 42.99797], [141.441755, 42.997564], [141.442349, 42.997024], [141.443643, 42.995957], [141.445698, 42.994234], [141.446027, 42.993991], [141.446205, 42.99383], [141.447145, 42.993039], [141.447269, 42.992922], [141.452219, 42.988771], [141.455564, 42.985983], [141.45628, 42.985419], [141.457644, 42.984478], [141.458109, 42.984173], [141.459426, 42.983432], [141.460864, 42.98274], [141.462626, 42.981988], [141.464511, 42.981161], [141.46496, 42.980953], [141.46558, 42.980621], [141.466274, 42.980192], [141.466557, 42.979982], [141.467367, 42.979326], [141.468385, 42.978516], [141.468919, 42.978139], [141.4694, 42.977823], [141.47002, 42.977387], [141.470942, 42.976684], [141.471141, 42.976543], [141.471511, 42.976245], [141.47262, 42.975394], [141.472974, 42.975086], [141.473129, 42.975076], [141.473287, 42.975044], [141.473391, 42.975], [141.473841, 42.974692], [141.473908, 42.974653], [141.474031, 42.974595], [141.47411, 42.974567], [141.474193, 42.974547], [141.474349, 42.974527], [141.474565, 42.974529], [141.474636, 42.974538], [141.474833, 42.974597], [141.475, 42.97467], [141.475393, 42.974879], [141.475531, 42.97485], [141.475852, 42.97503], [141.476305, 42.975324], [141.476723, 42.975626], [141.477096, 42.975863], [141.477422, 42.975941], [141.47771, 42.976023], [141.477962, 42.976069], [141.478262, 42.976092], [141.478438, 42.976081], [141.478669, 42.976045], [141.478904, 42.975982], [141.479128, 42.975884], [141.480539, 42.975106], [141.48126, 42.974579], [141.482116, 42.973982], [141.48311, 42.973262], [141.484893, 42.972057], [141.485242, 42.971804], [141.487762, 42.970093], [141.488053, 42.969883], [141.488898, 42.969311], [141.489756, 42.96871], [141.490532, 42.968184], [141.49112, 42.967753], [141.491714, 42.967341], [141.492585, 42.966698], [141.492667, 42.966667], [141.494381, 42.965404], [141.495903, 42.964261], [141.497692, 42.962859], [141.502968, 42.958681], [141.508333, 42.954404], [141.509885, 42.953197], [141.510441, 42.952729], [141.510739, 42.952518], [141.51226, 42.951254], [141.512598, 42.951001], [141.513077, 42.950587], [141.51569, 42.947927], [141.515886, 42.947646], [141.516784, 42.946586], [141.517622, 42.945498], [141.519253, 42.943287], [141.520953, 42.941079], [141.521841, 42.939983], [141.522778, 42.938916], [141.524597, 42.937039], [141.525836, 42.935889], [141.527028, 42.934864], [141.528241, 42.933888], [141.53001, 42.932508], [141.53045, 42.93218], [141.5319, 42.931038], [141.533333, 42.929934], [141.534509, 42.929012], [141.537032, 42.92707], [141.538309, 42.926046], [141.540056, 42.924572], [141.540602, 42.924098], [141.541667, 42.923136], [141.541863, 42.92294], [141.542418, 42.92243], [141.543026, 42.921837], [141.544302, 42.920478], [141.544837, 42.919878], [141.545642, 42.918884], [141.54603, 42.918346], [141.546649, 42.917453], [141.547148, 42.916667], [141.547343, 42.916328], [141.547782, 42.915605], [141.548403, 42.914418], [141.548901, 42.913309], [141.549302, 42.912265], [141.54963, 42.911313], [141.550123, 42.909679], [141.550431, 42.907973], [141.550587, 42.906766], [141.550693, 42.905116], [141.550702, 42.904211], [141.550685, 42.903411], [141.550616, 42.901895], [141.550467, 42.900651], [141.549921, 42.896474], [141.549524, 42.893752], [141.549274, 42.891728], [141.549201, 42.890677], [141.549144, 42.889333], [141.549158, 42.888131], [141.549199, 42.887366], [141.549246, 42.886711], [141.549314, 42.886074], [141.549427, 42.885364], [141.549583, 42.884546], [141.549879, 42.883168], [141.550116, 42.882318], [141.550884, 42.880032], [141.551053, 42.879572], [141.551951, 42.877405], [141.552999, 42.875], [141.55362, 42.873541], [141.553764, 42.873178], [141.555256, 42.869714], [141.555754, 42.868515], [141.557765, 42.86389], [141.558717, 42.862035], [141.559093, 42.861376], [141.559136, 42.861281], [141.559422, 42.860788], [141.560208, 42.859529], [141.561009, 42.858453], [141.561957, 42.857332], [141.562518, 42.856687], [141.563104, 42.856091], [141.563979, 42.855274], [141.564667, 42.854667], [141.565406, 42.854042], [141.566402, 42.853273], [141.56738, 42.85259], [141.56854, 42.851845], [141.569885, 42.851052], [141.571439, 42.850241], [141.572334, 42.849831], [141.573298, 42.849417], [141.574287, 42.84901], [141.575433, 42.848557], [141.577262, 42.847889], [141.578782, 42.847383], [141.58075, 42.846748], [141.581034, 42.846666], [141.581578, 42.846507], [141.583287, 42.845922], [141.589121, 42.844009], [141.590468, 42.843545], [141.592266, 42.842952], [141.595204, 42.841927], [141.597356, 42.841088], [141.599557, 42.840118], [141.600919, 42.839458], [141.6022, 42.83879], [141.603583, 42.837989], [141.604715, 42.83727], [141.605717, 42.836582], [141.607098, 42.835528], [141.607803, 42.834948], [141.608333, 42.834474], [141.609298, 42.833573], [141.609406, 42.833464], [141.609557, 42.833333], [141.61075, 42.832076], [141.611409, 42.831305], [141.612002, 42.830552], [141.612555, 42.829806], [141.612839, 42.829401], [141.613287, 42.828725], [141.614016, 42.827528], [141.614669, 42.826339], [141.615533, 42.824575], [141.616053, 42.823461], [141.61729, 42.820597], [141.617689, 42.819622], [141.620558, 42.812818], [141.620796, 42.81284], [141.620962, 42.812641], [141.621077, 42.812547], [141.621224, 42.812455], [141.621394, 42.812374], [141.621515, 42.812333], [141.621881, 42.812265], [141.622127, 42.812257], [141.622286, 42.812261], [141.622288, 42.812193], [141.622757, 42.812261], [141.623355, 42.81232], [141.623353, 42.812246], [141.623552, 42.812218], [141.623666, 42.812182], [141.623791, 42.812123], [141.624047, 42.811921], [141.624613, 42.811566], [141.625143, 42.811302], [141.62547, 42.811166], [141.625648, 42.811108], [141.625866, 42.811064], [141.626211, 42.811019], [141.626577, 42.810988], [141.626927, 42.810897], [141.626943, 42.810925], [141.627693, 42.810639], [141.628401, 42.810415], [141.628967, 42.810287], [141.629906, 42.810141], [141.630383, 42.810103], [141.630929, 42.810098], [141.631478, 42.810114], [141.631809, 42.810132], [141.632573, 42.810188], [141.635243, 42.81042], [141.636251, 42.810519], [141.636536, 42.810562], [141.636701, 42.810597], [141.637107, 42.81072], [141.63838, 42.811254], [141.639356, 42.811629], [141.640817, 42.812212], [141.641132, 42.812362], [141.641449, 42.812535], [141.641792, 42.812752], [141.643496, 42.814127], [141.643846, 42.81434], [141.644372, 42.814589], [141.645024, 42.814869], [141.645348, 42.815072], [141.645403, 42.815118], [141.645584, 42.81528], [141.645938, 42.815659], [141.646409, 42.815971], [141.648479, 42.817116], [141.649155, 42.816356], [141.650352, 42.815069], [141.650567, 42.815167], [141.652328, 42.815845], [141.654438, 42.816614], [141.659456, 42.818266], [141.661625, 42.818975], [141.66184, 42.819039], [141.662874, 42.818203], [141.663194, 42.817963], [141.666667, 42.815024], [141.667919, 42.813902], [141.668656, 42.813202], [141.669184, 42.812727], [141.67223, 42.810148], [141.673875, 42.808766], [141.674193, 42.808764], [141.674955, 42.808119], [141.675131, 42.807954], [141.675992, 42.807221], [141.676717, 42.806617], [141.676913, 42.806272], [141.676997, 42.806059], [141.67703, 42.805885], [141.677037, 42.80577], [141.677028, 42.805682], [141.676972, 42.805435], [141.676844, 42.805154], [141.676737, 42.804984], [141.676566, 42.804755], [141.676325, 42.804483], [141.676137, 42.804247], [141.676026, 42.804067], [141.675941, 42.80386], [141.675873, 42.803653], [141.675826, 42.80342], [141.675825, 42.803195], [141.675841, 42.803029], [141.675909, 42.802667], [141.676029, 42.802137], [141.676114, 42.801552], [141.676048, 42.801559], [141.677258, 42.794723], [141.677287, 42.794271], [141.677274, 42.793977], [141.677191, 42.793421], [141.676439, 42.790373], [141.67642, 42.79028], [141.676394, 42.790018], [141.676386, 42.789839], [141.676523, 42.789644], [141.6767, 42.78944], [141.67682, 42.789326], [141.676956, 42.789244], [141.677262, 42.789152], [141.677646, 42.789118], [141.67869, 42.78921], [141.678972, 42.789228], [141.679209, 42.78921], [141.679495, 42.789152], [141.679726, 42.78909], [141.680024, 42.788685], [141.680133, 42.78847], [141.680292, 42.787623]]}}, {"type": "Feature", "properties": {"profile": "car", "route": "札幌駅→定山渓", "engine": "OSRM", "distance_km": 27.554, "duration_min": 21.8}, "geometry": {"type": "LineString", "coordinates": [[141.350217, 43.069338], [141.350217, 43.069338], [141.35006, 43.069284], [141.35, 43.069271], [141.349887, 43.069247], [141.349865, 43.069172], [141.349833, 43.069122], [141.349821, 43.069104], [141.349744, 43.069046], [141.349617, 43.069], [141.348382, 43.068818], [141.348635, 43.06781], [141.348643, 43.067777], [141.348922, 43.066667], [141.348953, 43.066543], [141.349884, 43.066667], [141.35, 43.066682], [141.350531, 43.066753], [141.350552, 43.066667], [141.350558, 43.066641], [141.350669, 43.066182], [141.350797, 43.065696], [141.350829, 43.065566], [141.350859, 43.065441], [141.350976, 43.064977], [141.3511, 43.064497], [141.351132, 43.064371], [141.351167, 43.064221], [141.351405, 43.063297], [141.351431, 43.063193], [141.351463, 43.063066], [141.35157, 43.062623], [141.351684, 43.062163], [141.351712, 43.062045], [141.351519, 43.062017], [141.350267, 43.061852], [141.350143, 43.061834], [141.35, 43.061815], [141.348698, 43.061638], [141.348589, 43.061621], [141.348494, 43.061609], [141.34719, 43.061433], [141.347032, 43.06141], [141.346952, 43.061399], [141.345641, 43.061224], [141.345487, 43.061203], [141.343924, 43.060993], [141.342356, 43.060778], [141.341667, 43.060684], [141.341568, 43.06067], [141.341184, 43.060615], [141.340798, 43.060558], [141.340824, 43.060465], [141.340885, 43.060218], [141.340933, 43.060025], [141.34098, 43.059829], [141.341, 43.059747], [141.341062, 43.059502], [141.341084, 43.059415], [141.341094, 43.059271], [141.341095, 43.059188], [141.341113, 43.058858], [141.34112, 43.058752], [141.341127, 43.05864], [141.341146, 43.058541], [141.341201, 43.058333], [141.341257, 43.058105], [141.341269, 43.058056], [141.341277, 43.058025], [141.341382, 43.057585], [141.341404, 43.057492], [141.341428, 43.05739], [141.341532, 43.056951], [141.34154, 43.056919], [141.341552, 43.056869], [141.34162, 43.056578], [141.341656, 43.05643], [141.341667, 43.056386], [141.341681, 43.056337], [141.341703, 43.056228], [141.341802, 43.055809], [141.341812, 43.055768], [141.341824, 43.055719], [141.341923, 43.055301], [141.341939, 43.055193], [141.341948, 43.055124], [141.34204, 43.054453], [141.342051, 43.054366], [141.342058, 43.054322], [141.342079, 43.054159], [141.342094, 43.054049], [141.342116, 43.053885], [141.342176, 43.053449], [141.342179, 43.053426], [141.342187, 43.053366], [141.342191, 43.053336], [141.342223, 43.053101], [141.342229, 43.053062], [141.342235, 43.053012], [141.342243, 43.052964], [141.342271, 43.052747], [141.342274, 43.052733], [141.342284, 43.052653], [141.342289, 43.052614], [141.34232, 43.052391], [141.342324, 43.052363], [141.342328, 43.052329], [141.342337, 43.052127], [141.342323, 43.051922], [141.342314, 43.051829], [141.342302, 43.051664], [141.342321, 43.05142], [141.342349, 43.051183], [141.342352, 43.05116], [141.342398, 43.050819], [141.342405, 43.050763], [141.342444, 43.050456], [141.342452, 43.050391], [141.342501, 43.05], [141.342562, 43.049523], [141.342612, 43.049113], [141.342643, 43.048876], [141.342652, 43.048807], [141.34266, 43.048466], [141.342649, 43.04828], [141.342678, 43.04805], [141.342686, 43.047983], [141.34271, 43.047795], [141.342796, 43.047122], [141.342823, 43.046908], [141.342878, 43.046473], [141.342918, 43.046156], [141.342961, 43.045811], [141.343046, 43.045129], [141.343132, 43.044454], [141.343148, 43.044331], [141.343174, 43.044125], [141.343214, 43.043815], [141.343234, 43.043673], [141.343287, 43.043258], [141.343291, 43.043219], [141.343331, 43.042912], [141.343388, 43.042473], [141.343392, 43.042447], [141.343474, 43.041793], [141.343476, 43.041778], [141.343491, 43.041667], [141.3436, 43.040822], [141.343675, 43.040147], [141.343755, 43.039544], [141.343761, 43.039499], [141.34384, 43.038882], [141.343842, 43.038864], [141.343884, 43.038529], [141.343935, 43.038131], [141.344023, 43.037478], [141.344107, 43.036807], [141.344133, 43.036611], [141.344183, 43.036227], [141.344195, 43.036138], [141.344263, 43.035606], [141.344283, 43.035456], [141.344319, 43.035171], [141.344342, 43.034994], [141.344368, 43.034787], [141.344453, 43.034128], [141.344535, 43.03348], [141.344551, 43.033353], [141.344554, 43.033333], [141.344585, 43.033082], [141.344603, 43.032942], [141.344651, 43.032578], [141.34468, 43.032352], [141.34469, 43.032277], [141.344735, 43.031918], [141.344749, 43.03181], [141.34479, 43.031486], [141.344828, 43.03118], [141.344835, 43.031129], [141.34488, 43.030782], [141.344935, 43.030345], [141.34494, 43.0303], [141.344993, 43.0299], [141.344998, 43.029861], [141.34504, 43.029542], [141.345045, 43.029504], [141.345087, 43.02915], [141.345101, 43.029039], [141.345137, 43.028752], [141.345224, 43.028081], [141.345292, 43.027543], [141.345395, 43.026742], [141.345564, 43.025356], [141.345609, 43.025], [141.345653, 43.02465], [141.345678, 43.024433], [141.345717, 43.024128], [141.345863, 43.022893], [141.345873, 43.022816], [141.345942, 43.022262], [141.345948, 43.022211], [141.345989, 43.021848], [141.346028, 43.021537], [141.346108, 43.020883], [141.346168, 43.020386], [141.346209, 43.020055], [141.346267, 43.019597], [141.346368, 43.018769], [141.346433, 43.01825], [141.346439, 43.018202], [141.346489, 43.017802], [141.346524, 43.017504], [141.346529, 43.01746], [141.346543, 43.017354], [141.346544, 43.017346], [141.34663, 43.016667], [141.346651, 43.016501], [141.346669, 43.016369], [141.346718, 43.015957], [141.346745, 43.015757], [141.346784, 43.015461], [141.34678, 43.015216], [141.346772, 43.015108], [141.346769, 43.015074], [141.346733, 43.014897], [141.346631, 43.014591], [141.346534, 43.014299], [141.346239, 43.013417], [141.34608, 43.012942], [141.345951, 43.012547], [141.345902, 43.012402], [141.34582, 43.012149], [141.345744, 43.011914], [141.345617, 43.01153], [141.345404, 43.010904], [141.345285, 43.010549], [141.345153, 43.010141], [141.34472, 43.00883], [141.344658, 43.00864], [141.344556, 43.008333], [141.344537, 43.008276], [141.344514, 43.008206], [141.344431, 43.007954], [141.344326, 43.007631], [141.344263, 43.007436], [141.344023, 43.006719], [141.343807, 43.006068], [141.343705, 43.005775], [141.343475, 43.005061], [141.343441, 43.004957], [141.343338, 43.004649], [141.343227, 43.004314], [141.343217, 43.004289], [141.34311, 43.004013], [141.343059, 43.003924], [141.34299, 43.003805], [141.342865, 43.003636], [141.342796, 43.003543], [141.342646, 43.003376], [141.342485, 43.003229], [141.342276, 43.00306], [141.34224, 43.00303], [141.341869, 43.002782], [141.341667, 43.002651], [141.341287, 43.002414], [141.340936, 43.002173], [141.339779, 43.001365], [141.339622, 43.001246], [141.339161, 43.000886], [141.338938, 43.000692], [141.338588, 43.000362], [141.338297, 43.000064], [141.338239, 43], [141.338164, 42.999909], [141.337876, 42.999582], [141.337704, 42.999353], [141.337481, 42.99904], [141.337172, 42.998552], [141.33695, 42.998147], [141.336802, 42.997842], [141.336643, 42.997493], [141.336473, 42.997085], [141.336441, 42.997009], [141.336261, 42.996588], [141.336028, 42.995973], [141.335399, 42.994169], [141.335355, 42.994043], [141.33509, 42.993247], [141.334998, 42.992968], [141.334938, 42.992788], [141.334875, 42.992597], [141.334801, 42.992374], [141.334747, 42.992212], [141.334561, 42.991667], [141.334518, 42.991542], [141.334454, 42.991282], [141.334404, 42.991088], [141.334362, 42.990885], [141.334335, 42.990714], [141.334311, 42.990492], [141.334272, 42.990125], [141.334255, 42.989648], [141.334278, 42.989082], [141.334305, 42.988836], [141.334362, 42.988484], [141.334399, 42.988291], [141.334444, 42.988124], [141.334472, 42.988017], [141.334592, 42.987457], [141.33472, 42.986948], [141.334825, 42.986541], [141.334855, 42.986415], [141.334955, 42.985999], [141.335016, 42.985739], [141.33514, 42.985217], [141.335243, 42.984787], [141.335338, 42.984392], [141.335381, 42.984197], [141.335395, 42.98413], [141.33544, 42.983969], [141.335469, 42.983856], [141.335576, 42.983434], [141.335588, 42.983386], [141.335599, 42.983333], [141.335644, 42.983098], [141.335693, 42.982901], [141.335769, 42.982597], [141.335866, 42.982198], [141.335996, 42.981674], [141.336065, 42.981382], [141.336166, 42.980973], [141.33626, 42.980584], [141.336283, 42.980491], [141.336386, 42.980064], [141.336487, 42.979663], [141.336559, 42.979376], [141.336608, 42.979174], [141.336634, 42.979053], [141.336666, 42.978872], [141.336686, 42.978691], [141.3367, 42.978518], [141.336701, 42.978277], [141.336698, 42.978235], [141.336689, 42.978108], [141.336684, 42.978042], [141.33666, 42.97784], [141.336612, 42.977585], [141.336538, 42.977266], [141.336504, 42.977152], [141.336446, 42.977017], [141.336407, 42.976936], [141.336217, 42.976593], [141.336118, 42.976408], [141.336, 42.976187], [141.335605, 42.975449], [141.335395, 42.975044], [141.335374, 42.975], [141.335235, 42.974732], [141.335202, 42.974668], [141.33501, 42.9743], [141.334926, 42.97415], [141.334846, 42.974], [141.334807, 42.973922], [141.334784, 42.973872], [141.334656, 42.973616], [141.334445, 42.973213], [141.334223, 42.972785], [141.334029, 42.972411], [141.333824, 42.97202], [141.33371, 42.971788], [141.333607, 42.971605], [141.333398, 42.971223], [141.333333, 42.971094], [141.333091, 42.970605], [141.333004, 42.970423], [141.332913, 42.970252], [141.332013, 42.968537], [141.331931, 42.968381], [141.331828, 42.968201], [141.331773, 42.968133], [141.331564, 42.967878], [141.331287, 42.967633], [141.330986, 42.967398], [141.330722, 42.96723], [141.330416, 42.967093], [141.330007, 42.966932], [141.329596, 42.966808], [141.329328, 42.966746], [141.329006, 42.966667], [141.328486, 42.966538], [141.328034, 42.966431], [141.327809, 42.966365], [141.327552, 42.96629], [141.326988, 42.966095], [141.326654, 42.965937], [141.326494, 42.965838], [141.326335, 42.96574], [141.3261, 42.965582], [141.325907, 42.965406], [141.325749, 42.965254], [141.325706, 42.965213], [141.325354, 42.964871], [141.325095, 42.964632], [141.325, 42.964541], [141.324547, 42.964084], [141.324425, 42.963977], [141.324396, 42.96395], [141.324262, 42.963818], [141.324033, 42.963633], [141.323635, 42.963395], [141.323536, 42.963344], [141.323372, 42.963276], [141.323079, 42.963167], [141.322669, 42.96304], [141.322311, 42.962932], [141.321947, 42.962827], [141.321712, 42.962758], [141.32133, 42.962648], [141.32068, 42.962465], [141.320375, 42.962375], [141.319845, 42.962212], [141.319738, 42.962183], [141.318966, 42.961961], [141.318816, 42.961918], [141.318575, 42.961848], [141.317871, 42.961657], [141.317554, 42.961582], [141.31713, 42.961512], [141.316738, 42.961461], [141.316667, 42.961453], [141.316287, 42.961411], [141.316182, 42.9614], [141.315849, 42.961362], [141.315018, 42.961257], [141.314118, 42.961154], [141.31387, 42.961123], [141.31339, 42.961063], [141.313236, 42.961046], [141.312955, 42.961013], [141.312621, 42.960981], [141.31227, 42.96096], [141.311895, 42.96096], [141.311766, 42.960962], [141.311569, 42.96097], [141.311247, 42.960983], [141.310303, 42.961025], [141.309151, 42.961081], [141.308333, 42.96112], [141.308332, 42.96112], [141.307928, 42.961139], [141.307694, 42.961149], [141.306862, 42.961187], [141.306121, 42.961221], [141.305658, 42.96124], [141.305247, 42.961257], [141.305164, 42.961261], [141.304432, 42.961297], [141.304219, 42.961306], [141.303879, 42.961323], [141.303119, 42.961355], [141.302604, 42.96138], [141.302278, 42.961395], [141.301935, 42.961411], [141.301686, 42.961421], [141.30114, 42.961444], [141.300451, 42.961479], [141.30035, 42.961484], [141.3, 42.961499], [141.299143, 42.961536], [141.29885, 42.961552], [141.298538, 42.961564], [141.298435, 42.961571], [141.297822, 42.961598], [141.296578, 42.96166], [141.296398, 42.961669], [141.296092, 42.961681], [141.295532, 42.961709], [141.294301, 42.961764], [141.292793, 42.96183], [141.291667, 42.961882], [141.291378, 42.961895], [141.290781, 42.961924], [141.290619, 42.961932], [141.290078, 42.961958], [141.289837, 42.96197], [141.289213, 42.961993], [141.288826, 42.962011], [141.288493, 42.962028], [141.288034, 42.962045], [141.287753, 42.962048], [141.287268, 42.96204], [141.287061, 42.96203], [141.286905, 42.962023], [141.286848, 42.962017], [141.286631, 42.961995], [141.286504, 42.961981], [141.286148, 42.961944], [141.285899, 42.961915], [141.285656, 42.961874], [141.28546, 42.96184], [141.285236, 42.961799], [141.284811, 42.961708], [141.28479, 42.961704], [141.284636, 42.961667], [141.284449, 42.961618], [141.284341, 42.961589], [141.28426, 42.961567], [141.283677, 42.961394], [141.283333, 42.961303], [141.283327, 42.961302], [141.283047, 42.961222], [141.282959, 42.9612], [141.282657, 42.961128], [141.282366, 42.961063], [141.281887, 42.960982], [141.281673, 42.960957], [141.28135, 42.960924], [141.281279, 42.96092], [141.281211, 42.960915], [141.280813, 42.9609], [141.280719, 42.960897], [141.28067, 42.960898], [141.280218, 42.960912], [141.279995, 42.960919], [141.279748, 42.960931], [141.279433, 42.960955], [141.279352, 42.960963], [141.279139, 42.960979], [141.278922, 42.961], [141.278867, 42.961004], [141.278795, 42.96101], [141.278706, 42.961017], [141.278412, 42.961039], [141.278338, 42.961043], [141.278283, 42.961048], [141.278118, 42.961064], [141.277929, 42.96108], [141.277857, 42.961085], [141.277779, 42.961093], [141.277396, 42.961123], [141.277339, 42.961126], [141.277189, 42.961139], [141.276789, 42.961172], [141.276724, 42.961176], [141.276643, 42.961185], [141.276349, 42.961209], [141.276256, 42.961215], [141.276199, 42.961219], [141.276115, 42.961226], [141.275406, 42.961289], [141.275, 42.96132], [141.274816, 42.961336], [141.274725, 42.961343], [141.2746, 42.961353], [141.274509, 42.961362], [141.274361, 42.961373], [141.27417, 42.961387], [141.273773, 42.961419], [141.27367, 42.961425], [141.273546, 42.961437], [141.27315, 42.96147], [141.273021, 42.961481], [141.27294, 42.961486], [141.272616, 42.961514], [141.271933, 42.961569], [141.271845, 42.961575], [141.271725, 42.961586], [141.270655, 42.961674], [141.270512, 42.961685], [141.269443, 42.96177], [141.269311, 42.96178], [141.269221, 42.961789], [141.26848, 42.96185], [141.268304, 42.961865], [141.268294, 42.961866], [141.267648, 42.961917], [141.267461, 42.961933], [141.26738, 42.96194], [141.267247, 42.961951], [141.267095, 42.961963], [141.267064, 42.961966], [141.266667, 42.961998], [141.266587, 42.962004], [141.266437, 42.962015], [141.266316, 42.962023], [141.266236, 42.962028], [141.266145, 42.962034], [141.266077, 42.962038], [141.265698, 42.962043], [141.265349, 42.962039], [141.265113, 42.962024], [141.264904, 42.962005], [141.264594, 42.961971], [141.263716, 42.961851], [141.262783, 42.961718], [141.262205, 42.961634], [141.26205, 42.961611], [141.261887, 42.961589], [141.261729, 42.961567], [141.26157, 42.961543], [141.261023, 42.961465], [141.260899, 42.961447], [141.260549, 42.961396], [141.260376, 42.961372], [141.26009, 42.961332], [141.259944, 42.961311], [141.25977, 42.961284], [141.259306, 42.961218], [141.259106, 42.96119], [141.259055, 42.961182], [141.258333, 42.961076], [141.258161, 42.961044], [141.257983, 42.961012], [141.25768, 42.960948], [141.257463, 42.960893], [141.257163, 42.9608], [141.256978, 42.960743], [141.256886, 42.960713], [141.256864, 42.960705], [141.256708, 42.96065], [141.256429, 42.960536], [141.256324, 42.960487], [141.256103, 42.960379], [141.255907, 42.960286], [141.255732, 42.960197], [141.255675, 42.960168], [141.255501, 42.960071], [141.255439, 42.960033], [141.25512, 42.959837], [141.255046, 42.959793], [141.254948, 42.959731], [141.254689, 42.959569], [141.254615, 42.959523], [141.254478, 42.959438], [141.254384, 42.95938], [141.253595, 42.958881], [141.253467, 42.958799], [141.253356, 42.958726], [141.252703, 42.958333], [141.252013, 42.957888], [141.251968, 42.957858], [141.251898, 42.957816], [141.251795, 42.957752], [141.251514, 42.957576], [141.25133, 42.957459], [141.2513, 42.95744], [141.251274, 42.957423], [141.251254, 42.95741], [141.250687, 42.95705], [141.250542, 42.956957], [141.250514, 42.956941], [141.25, 42.956643], [141.249885, 42.956581], [141.249708, 42.956485], [141.2496, 42.956426], [141.249467, 42.95636], [141.249366, 42.956311], [141.249162, 42.956218], [141.24906, 42.956173], [141.248777, 42.956059], [141.248512, 42.955961], [141.248453, 42.955939], [141.248268, 42.955882], [141.248101, 42.955838], [141.247781, 42.955762], [141.247418, 42.955689], [141.247145, 42.955647], [141.246937, 42.955618], [141.246685, 42.955597], [141.246507, 42.955585], [141.2464, 42.95558], [141.246297, 42.955574], [141.246204, 42.955573], [141.245984, 42.955571], [141.245916, 42.955571], [141.245219, 42.955594], [141.24506, 42.955604], [141.245023, 42.955607], [141.24305, 42.955842], [141.242987, 42.955849], [141.24276, 42.955876], [141.242561, 42.955898], [141.241667, 42.956004], [141.240337, 42.956164], [141.239554, 42.95626], [141.239294, 42.956288], [141.238764, 42.956346], [141.238642, 42.956358], [141.238476, 42.956379], [141.23756, 42.956487], [141.237217, 42.956529], [141.237103, 42.956543], [141.236928, 42.956563], [141.236735, 42.956585], [141.236624, 42.956598], [141.23646, 42.956619], [141.236368, 42.95663], [141.236317, 42.956636], [141.236195, 42.956651], [141.23434, 42.956878], [141.23423, 42.956892], [141.234071, 42.956912], [141.233904, 42.956936], [141.233333, 42.957027], [141.233139, 42.957055], [141.232679, 42.957136], [141.232181, 42.957244], [141.231528, 42.957402], [141.230621, 42.957639], [141.230419, 42.957704], [141.230261, 42.957753], [141.230066, 42.957813], [141.229812, 42.957889], [141.229613, 42.957958], [141.229393, 42.958039], [141.229273, 42.958086], [141.229156, 42.958133], [141.229024, 42.95819], [141.228697, 42.958333], [141.22838, 42.958462], [141.227585, 42.958826], [141.227151, 42.95906], [141.226689, 42.959323], [141.226485, 42.959441], [141.226143, 42.959641], [141.225752, 42.959862], [141.225587, 42.959953], [141.225359, 42.960084], [141.225108, 42.960236], [141.225, 42.960301], [141.224145, 42.960801], [141.223902, 42.960945], [141.223838, 42.960983], [141.223823, 42.960992], [141.223688, 42.961079], [141.223544, 42.96118], [141.223379, 42.961299], [141.223184, 42.961461], [141.223066, 42.961556], [141.222873, 42.961725], [141.222583, 42.962012], [141.222514, 42.962081], [141.222449, 42.962163], [141.222101, 42.962619], [141.221698, 42.963322], [141.221655, 42.963399], [141.221578, 42.963537], [141.221392, 42.963869], [141.221323, 42.96399], [141.221199, 42.964169], [141.221101, 42.964296], [141.220865, 42.964594], [141.220732, 42.96475], [141.220385, 42.965069], [141.220075, 42.965332], [141.21998, 42.965407], [141.219876, 42.965477], [141.219816, 42.965517], [141.219644, 42.965632], [141.219367, 42.965785], [141.219061, 42.965935], [141.21868, 42.966103], [141.218361, 42.966237], [141.218308, 42.96626], [141.218249, 42.966283], [141.217357, 42.966667], [141.216955, 42.966838], [141.216763, 42.966922], [141.216692, 42.966951], [141.216667, 42.966963], [141.216653, 42.966969], [141.216595, 42.966993], [141.216298, 42.967117], [141.215938, 42.967276], [141.214984, 42.967672], [141.214735, 42.967778], [141.214628, 42.967823], [141.214557, 42.967853], [141.214209, 42.967998], [141.214164, 42.968017], [141.214109, 42.96804], [141.213672, 42.968222], [141.213521, 42.968287], [141.213455, 42.968314], [141.213384, 42.968343], [141.21335, 42.968359], [141.21226, 42.968828], [141.212212, 42.968851], [141.212153, 42.968876], [141.212066, 42.968913], [141.212002, 42.96894], [141.211938, 42.968967], [141.211914, 42.968977], [141.211874, 42.968993], [141.211842, 42.969006], [141.21181, 42.969019], [141.211784, 42.96903], [141.211778, 42.969033], [141.211746, 42.969046], [141.211713, 42.969058], [141.211681, 42.969071], [141.211649, 42.969084], [141.211616, 42.969097], [141.211584, 42.969109], [141.211551, 42.969122], [141.211518, 42.969134], [141.211486, 42.969147], [141.211453, 42.969159], [141.21142, 42.969171], [141.211387, 42.969183], [141.211354, 42.969195], [141.211321, 42.969207], [141.211308, 42.969211], [141.211288, 42.969218], [141.211255, 42.96923], [141.211221, 42.969241], [141.211188, 42.969252], [141.211155, 42.969264], [141.211121, 42.969275], [141.211087, 42.969285], [141.211069, 42.969291], [141.211053, 42.969296], [141.21102, 42.969306], [141.210986, 42.969317], [141.210968, 42.969322], [141.210912, 42.969339], [141.210848, 42.969357], [141.21079, 42.969372], [141.210732, 42.969388], [141.210674, 42.969402], [141.210615, 42.969417], [141.210594, 42.969421], [141.210556, 42.96943], [141.21051, 42.96944], [141.210474, 42.969448], [141.210438, 42.969456], [141.210427, 42.969458], [141.210378, 42.969468], [141.210318, 42.96948], [141.210259, 42.969491], [141.210222, 42.969497], [141.210198, 42.969502], [141.210138, 42.969512], [141.210129, 42.969513], [141.210017, 42.96953], [141.209944, 42.96954], [141.209858, 42.969551], [141.209784, 42.969559], [141.20971, 42.969567], [141.209635, 42.969574], [141.209592, 42.969577], [141.209561, 42.96958], [141.209486, 42.969585], [141.209411, 42.96959], [141.209336, 42.969593], [141.209261, 42.969596], [141.209186, 42.969598], [141.209111, 42.9696], [141.209036, 42.9696], [141.208961, 42.9696], [141.208886, 42.969599], [141.208811, 42.969597], [141.208766, 42.969595], [141.208725, 42.969594], [141.208652, 42.96959], [141.208592, 42.969586], [141.208532, 42.969582], [141.208473, 42.969578], [141.208413, 42.969573], [141.208354, 42.969567], [141.208333, 42.969565], [141.208294, 42.969561], [141.208235, 42.969555], [141.208176, 42.969548], [141.208117, 42.96954], [141.208058, 42.969532], [141.207999, 42.969524], [141.207941, 42.969514], [141.207882, 42.969505], [141.207824, 42.969495], [141.207766, 42.969484], [141.20775, 42.969481], [141.20773, 42.969478], [141.207694, 42.969471], [141.207659, 42.969464], [141.207624, 42.969456], [141.207588, 42.969449], [141.207553, 42.969441], [141.207518, 42.969434], [141.207483, 42.969426], [141.207448, 42.969418], [141.207412, 42.969409], [141.207378, 42.969401], [141.207343, 42.969393], [141.207308, 42.969384], [141.207273, 42.969375], [141.207238, 42.969366], [141.207235, 42.969365], [141.207204, 42.969357], [141.207169, 42.969348], [141.207134, 42.969339], [141.2071, 42.96933], [141.207065, 42.969321], [141.207031, 42.969311], [141.206997, 42.969301], [141.206962, 42.969292], [141.206928, 42.969282], [141.206894, 42.969272], [141.20686, 42.969262], [141.206825, 42.969252], [141.206791, 42.969242], [141.206757, 42.969232], [141.206723, 42.969222], [141.206655, 42.969202], [141.206587, 42.969181], [141.206519, 42.96916], [141.206419, 42.96913], [141.206417, 42.969129], [141.206329, 42.969102], [141.206161, 42.96905], [141.206043, 42.969014], [141.205952, 42.968986], [141.205873, 42.968962], [141.205799, 42.96894], [141.205731, 42.96892], [141.205668, 42.968901], [141.205611, 42.968885], [141.205554, 42.968869], [141.205503, 42.968854], [141.205451, 42.96884], [141.205399, 42.968826], [141.205347, 42.968812], [141.20531, 42.968802], [141.205233, 42.968783], [141.205165, 42.968765], [141.204939, 42.968712], [141.204906, 42.968704], [141.204872, 42.968697], [141.204838, 42.96869], [141.204805, 42.968682], [141.204784, 42.968678], [141.204771, 42.968675], [141.204737, 42.968668], [141.204703, 42.968661], [141.204669, 42.968655], [141.204635, 42.968648], [141.204601, 42.968641], [141.204567, 42.968635], [141.204533, 42.968628], [141.204499, 42.968622], [141.204465, 42.968616], [141.204431, 42.96861], [141.204397, 42.968604], [141.204362, 42.968598], [141.204328, 42.968592], [141.204294, 42.968586], [141.20426, 42.968581], [141.204225, 42.968575], [141.204191, 42.96857], [141.204156, 42.968565], [141.204111, 42.968558], [141.204063, 42.968551], [141.204009, 42.968543], [141.203954, 42.968536], [141.203913, 42.96853], [141.2039, 42.968529], [141.203846, 42.968522], [141.203831, 42.96852], [141.203785, 42.968514], [141.203725, 42.968507], [141.203658, 42.968499], [141.203586, 42.96849], [141.203513, 42.968482], [141.203428, 42.968473], [141.203331, 42.968463], [141.203321, 42.968462], [141.203248, 42.968454], [141.20321, 42.96845], [141.203175, 42.968446], [141.201336, 42.968257], [141.201155, 42.968239], [141.200974, 42.968222], [141.200793, 42.968207], [141.200753, 42.968203], [141.200655, 42.968196], [141.200612, 42.968193], [141.20043, 42.96818], [141.200249, 42.968169], [141.200067, 42.968158], [141.2, 42.968155], [141.199885, 42.96815], [141.199703, 42.968142], [141.199521, 42.968136], [141.199339, 42.968132], [141.199156, 42.968128], [141.198974, 42.968126], [141.198792, 42.968125], [141.198609, 42.968126], [141.198427, 42.968128], [141.198245, 42.968131], [141.198109, 42.968134], [141.198063, 42.968135], [141.198011, 42.968137], [141.197881, 42.968141], [141.197698, 42.968148], [141.197555, 42.968155], [141.197226, 42.968166], [141.197162, 42.968168], [141.197137, 42.96817], [141.197129, 42.968171], [141.1971, 42.968173], [141.197025, 42.968178], [141.197001, 42.968179], [141.196971, 42.968182], [141.196889, 42.968188], [141.196873, 42.968189], [141.196864, 42.968189], [141.196753, 42.968198], [141.196728, 42.9682], [141.19663, 42.968209], [141.196593, 42.968212], [141.196494, 42.968221], [141.196457, 42.968224], [141.196358, 42.968234], [141.196321, 42.968237], [141.196222, 42.968247], [141.196186, 42.968251], [141.196099, 42.96826], [141.196062, 42.968264], [141.195964, 42.968275], [141.195927, 42.968279], [141.195829, 42.968291], [141.195792, 42.968295], [141.195694, 42.968307], [141.195657, 42.968312], [141.195625, 42.968316], [141.195608, 42.968318], [141.195549, 42.968326], [141.195479, 42.968335], [141.195438, 42.96834], [141.195342, 42.968353], [141.195282, 42.968361], [141.195222, 42.968369], [141.195174, 42.968376], [141.195126, 42.968382], [141.195078, 42.968389], [141.195042, 42.968394], [141.195006, 42.9684], [141.194971, 42.968405], [141.194947, 42.968408], [141.194911, 42.968414], [141.194887, 42.968417], [141.194851, 42.968423], [141.194828, 42.968427], [141.194792, 42.968433], [141.194768, 42.968436], [141.194733, 42.968442], [141.194709, 42.968446], [141.194673, 42.968453], [141.19465, 42.968457], [141.194626, 42.968461], [141.194602, 42.968465], [141.194579, 42.96847], [141.194555, 42.968474], [141.194531, 42.968478], [141.194508, 42.968483], [141.194484, 42.968488], [141.194461, 42.968492], [141.194437, 42.968497], [141.194414, 42.968502], [141.19439, 42.968507], [141.194375, 42.96851], [141.194367, 42.968512], [141.194344, 42.968517], [141.19432, 42.968522], [141.194297, 42.968527], [141.194285, 42.96853], [141.194281, 42.968531], [141.194262, 42.968535], [141.194239, 42.96854], [141.194215, 42.968546], [141.194192, 42.968551], [141.194169, 42.968556], [141.194146, 42.968562], [141.194134, 42.968565], [141.194111, 42.968571], [141.194088, 42.968576], [141.194065, 42.968582], [141.194042, 42.968588], [141.194019, 42.968594], [141.193996, 42.9686], [141.193973, 42.968606], [141.193968, 42.968608], [141.193962, 42.968609], [141.193939, 42.968615], [141.193916, 42.968622], [141.193894, 42.968628], [141.193871, 42.968634], [141.193848, 42.968641], [141.193825, 42.968647], [141.193803, 42.968654], [141.19378, 42.968661], [141.193758, 42.968667], [141.193735, 42.968674], [141.193713, 42.968681], [141.19369, 42.968688], [141.193668, 42.968695], [141.193645, 42.968702], [141.193623, 42.968709], [141.193589, 42.96872], [141.193556, 42.968731], [141.193534, 42.968738], [141.193512, 42.968745], [141.193489, 42.968753], [141.193478, 42.968757], [141.193446, 42.968769], [141.193402, 42.968785], [141.193359, 42.968801], [141.193316, 42.968817], [141.193272, 42.968834], [141.193218, 42.968854], [141.193153, 42.968879], [141.193143, 42.968883], [141.193099, 42.968899], [141.193044, 42.968919], [141.19299, 42.968939], [141.192979, 42.968943], [141.192702, 42.969036], [141.192579, 42.969082], [141.192516, 42.969105], [141.192446, 42.969131], [141.19242, 42.969141], [141.191917, 42.969319], [141.191832, 42.969353], [141.191667, 42.969418], [141.191658, 42.969421], [141.191647, 42.969425], [141.191375, 42.969536], [141.19133, 42.969497], [141.191021, 42.969598], [141.19085, 42.969657], [141.190799, 42.969677], [141.190783, 42.969682], [141.190766, 42.969687], [141.190749, 42.969692], [141.190732, 42.969697], [141.190715, 42.969702], [141.190698, 42.969707], [141.190681, 42.969712], [141.190664, 42.969717], [141.190647, 42.969722], [141.19063, 42.969726], [141.190613, 42.969731], [141.190596, 42.969736], [141.190579, 42.96974], [141.190561, 42.969745], [141.190544, 42.969749], [141.190527, 42.969754], [141.190509, 42.969758], [141.190494, 42.969762], [141.19044, 42.969774], [141.190387, 42.969786], [141.190334, 42.969797], [141.19028, 42.969808], [141.190226, 42.969818], [141.190171, 42.969827], [141.190117, 42.969835], [141.190062, 42.969843], [141.190007, 42.96985], [141.189952, 42.969856], [141.189897, 42.969862], [141.189841, 42.969866], [141.189786, 42.969871], [141.18973, 42.969874], [141.189675, 42.969877], [141.189619, 42.969879], [141.189563, 42.96988], [141.189508, 42.96988], [141.189452, 42.96988], [141.189396, 42.969879], [141.189341, 42.969878], [141.189313, 42.969876], [141.189257, 42.969874], [141.189201, 42.96987], [141.189146, 42.969866], [141.189091, 42.969861], [141.189035, 42.969856], [141.189021, 42.969854], [141.188993, 42.969851], [141.188965, 42.969847], [141.188938, 42.969843], [141.18891, 42.969839], [141.188883, 42.969834], [141.188871, 42.969832], [141.188862, 42.96983], [141.18869, 42.969802], [141.188464, 42.969755], [141.187933, 42.969619], [141.187869, 42.9696], [141.186671, 42.969246], [141.186624, 42.96923], [141.186493, 42.969189], [141.186125, 42.969075], [141.184873, 42.968704], [141.184661, 42.968651], [141.184394, 42.968583], [141.184243, 42.968544], [141.184006, 42.96849], [141.183804, 42.968457], [141.183628, 42.968441], [141.18361, 42.968494], [141.183512, 42.968474], [141.183406, 42.968455], [141.183333, 42.968446], [141.183221, 42.968432], [141.183115, 42.968421], [141.18302, 42.968413], [141.18293, 42.968407], [141.182775, 42.968399], [141.182638, 42.968396], [141.18255, 42.968396], [141.182476, 42.968398], [141.182392, 42.968402], [141.182318, 42.968407], [141.182244, 42.968412], [141.182089, 42.968426], [141.18206, 42.968428], [141.182002, 42.968435], [141.181931, 42.968443], [141.18185, 42.968454], [141.18178, 42.968465], [141.181722, 42.968474], [141.181653, 42.968486], [141.181584, 42.968498], [141.181504, 42.968514], [141.181424, 42.968531], [141.181356, 42.968546], [141.181299, 42.968559], [141.181232, 42.968576], [141.181165, 42.968593], [141.181098, 42.968611], [141.181021, 42.968634], [141.180955, 42.968653], [141.180889, 42.968674], [141.180824, 42.968695], [141.18076, 42.968717], [141.180696, 42.96874], [141.180621, 42.968767], [141.180548, 42.968795], [141.180464, 42.968828], [141.18019, 42.968954], [141.180165, 42.968924], [141.179762, 42.969065], [141.177141, 42.970149], [141.177035, 42.970193], [141.176959, 42.970222], [141.176884, 42.970251], [141.176818, 42.970275], [141.176763, 42.970294], [141.176719, 42.970308], [141.176674, 42.970322], [141.176629, 42.970335], [141.176594, 42.970345], [141.176537, 42.97036], [141.176491, 42.970371], [141.176444, 42.970381], [141.176397, 42.970391], [141.17635, 42.970399], [141.176303, 42.970407], [141.176255, 42.970414], [141.176207, 42.97042], [141.176159, 42.970426], [141.17611, 42.97043], [141.176062, 42.970434], [141.176013, 42.970437], [141.175965, 42.970439], [141.175916, 42.97044], [141.175867, 42.97044], [141.175819, 42.97044], [141.17577, 42.970438], [141.175722, 42.970436], [141.175604, 42.970431], [141.175454, 42.970418], [141.175387, 42.970412], [141.175323, 42.970404], [141.17519, 42.970387], [141.175118, 42.970374], [141.175035, 42.970359], [141.175, 42.970352], [141.174941, 42.970341], [141.174846, 42.970322], [141.174741, 42.970299], [141.174647, 42.970278], [141.174554, 42.970256], [141.174473, 42.970237], [141.17438, 42.970213], [141.174288, 42.970189], [141.174208, 42.970166], [141.174129, 42.970144], [141.174038, 42.970117], [141.173948, 42.970089], [141.173847, 42.970057], [141.173674, 42.96999], [141.173505, 42.969919], [141.173458, 42.969896], [141.173395, 42.969864], [141.173218, 42.969769], [141.173069, 42.969683], [141.172948, 42.969607], [141.172684, 42.969423], [141.172483, 42.969301], [141.172402, 42.969256], [141.172158, 42.969138], [141.172137, 42.969161], [141.17198, 42.96908], [141.171973, 42.969076], [141.171911, 42.969046], [141.171848, 42.969016], [141.171832, 42.969008], [141.171688, 42.968946], [141.171634, 42.968924], [141.171579, 42.968902], [141.171512, 42.968878], [141.171456, 42.968858], [141.171388, 42.968835], [141.17132, 42.968812], [141.171285, 42.968801], [141.171256, 42.968792], [141.17124, 42.968787], [141.171149, 42.968759], [141.171045, 42.968728], [141.170917, 42.968691], [141.170622, 42.968607], [141.170616, 42.968605], [141.170523, 42.968578], [141.170443, 42.968554], [141.170351, 42.968526], [141.170287, 42.968505], [141.170271, 42.9685], [141.170203, 42.968478], [141.170135, 42.968455], [141.170095, 42.96844], [141.170068, 42.968431], [141.170013, 42.96841], [141.169958, 42.968389], [141.16994, 42.968382], [141.169892, 42.968362], [141.169849, 42.968344], [141.169806, 42.968326], [141.169753, 42.968302], [141.169701, 42.968277], [141.169649, 42.968252], [141.169598, 42.968226], [141.169548, 42.968199], [141.169498, 42.968172], [141.169468, 42.968155], [141.169439, 42.968138], [141.169388, 42.968107], [141.169341, 42.968079], [141.169287, 42.968045], [141.169233, 42.96801], [141.16917, 42.967969], [141.1691, 42.967922], [141.169021, 42.967867], [141.168918, 42.967794], [141.16876, 42.967681], [141.168195, 42.967277], [141.167786, 42.967567], [141.167611, 42.967708], [141.167525, 42.967782], [141.167386, 42.967908], [141.167459, 42.968006], [141.167143, 42.968297], [141.167081, 42.968263], [141.167041, 42.968234], [141.166994, 42.968187], [141.166935, 42.968112], [141.166903, 42.968088], [141.166891, 42.96812], [141.166891, 42.968252], [141.166886, 42.968265], [141.16688, 42.968273], [141.166871, 42.96828], [141.166863, 42.968285], [141.166855, 42.968286], [141.166848, 42.968286], [141.166842, 42.968284], [141.166835, 42.968281], [141.166689, 42.968104], [141.166685, 42.968101], [141.166682, 42.968099], [141.166667, 42.968095], [141.166597, 42.968104], [141.166161, 42.968175], [141.166099, 42.968184], [141.166092, 42.968183], [141.166084, 42.968181], [141.166078, 42.968176], [141.166074, 42.968167], [141.166006, 42.968022], [141.165995, 42.968001]]}}, {"type": "Feature", "properties": {"profile": "car", "route": "札幌駅→定山渓", "engine": "Valhalla", "distance_km": 27.557, "duration_min": 38.8}, "geometry": {"type": "LineString", "coordinates": [[141.350217, 43.069338], [141.35006, 43.069284], [141.35, 43.069271], [141.349887, 43.069247], [141.349865, 43.069172], [141.349833, 43.069122], [141.349821, 43.069104], [141.349744, 43.069046], [141.349617, 43.069], [141.348382, 43.068818], [141.348635, 43.06781], [141.348643, 43.067777], [141.348922, 43.066667], [141.348953, 43.066543], [141.349884, 43.066667], [141.35, 43.066682], [141.350531, 43.066752], [141.350552, 43.066667], [141.350558, 43.066641], [141.350669, 43.066182], [141.350797, 43.065696], [141.350829, 43.065566], [141.350859, 43.065441], [141.350976, 43.064977], [141.3511, 43.064497], [141.351132, 43.064371], [141.351167, 43.064221], [141.351405, 43.063296], [141.351431, 43.063193], [141.351463, 43.063066], [141.35157, 43.062622], [141.351684, 43.062163], [141.351712, 43.062045], [141.351519, 43.062017], [141.350267, 43.061851], [141.350143, 43.061834], [141.35, 43.061815], [141.348698, 43.061637], [141.348589, 43.061621], [141.348494, 43.061609], [141.34719, 43.061433], [141.347032, 43.06141], [141.346952, 43.061399], [141.345641, 43.061224], [141.345487, 43.061203], [141.343924, 43.060993], [141.342356, 43.060778], [141.341667, 43.060684], [141.341568, 43.06067], [141.341184, 43.060615], [141.340798, 43.060558], [141.340824, 43.060465], [141.340885, 43.060218], [141.340933, 43.060025], [141.34098, 43.059829], [141.341, 43.059747], [141.341062, 43.059501], [141.341084, 43.059414], [141.341094, 43.059271], [141.341095, 43.059188], [141.341113, 43.058858], [141.34112, 43.058752], [141.341127, 43.05864], [141.341146, 43.05854], [141.341201, 43.058333], [141.341257, 43.058105], [141.341269, 43.058056], [141.341277, 43.058025], [141.341382, 43.057585], [141.341404, 43.057492], [141.341428, 43.05739], [141.341532, 43.056951], [141.341539, 43.056919], [141.341551, 43.056869], [141.34162, 43.056578], [141.341656, 43.05643], [141.341667, 43.056386], [141.341681, 43.056337], [141.341703, 43.056228], [141.341802, 43.055809], [141.341812, 43.055768], [141.341824, 43.055719], [141.341923, 43.0553], [141.341939, 43.055193], [141.341948, 43.055124], [141.34204, 43.054453], [141.342051, 43.054366], [141.342058, 43.054322], [141.342079, 43.054159], [141.342094, 43.054049], [141.342116, 43.053885], [141.342176, 43.053449], [141.342179, 43.053426], [141.342187, 43.053366], [141.342191, 43.053336], [141.342223, 43.053101], [141.342228, 43.053062], [141.342235, 43.053012], [141.342243, 43.052964], [141.342271, 43.052747], [141.342274, 43.052733], [141.342284, 43.052653], [141.342289, 43.052614], [141.34232, 43.052391], [141.342324, 43.052363], [141.342328, 43.052329], [141.342337, 43.052127], [141.342323, 43.051922], [141.342314, 43.051829], [141.342302, 43.051664], [141.342321, 43.05142], [141.342349, 43.051183], [141.342352, 43.05116], [141.342398, 43.050819], [141.342405, 43.050763], [141.342444, 43.050455], [141.342452, 43.050391], [141.342501, 43.05], [141.342562, 43.049523], [141.342612, 43.049113], [141.342643, 43.048876], [141.342652, 43.048807], [141.34266, 43.048466], [141.342649, 43.04828], [141.342678, 43.04805], [141.342686, 43.047983], [141.34271, 43.047795], [141.342796, 43.047122], [141.342823, 43.046908], [141.342878, 43.046473], [141.342918, 43.046155], [141.342961, 43.045811], [141.343046, 43.045129], [141.343132, 43.044454], [141.343148, 43.044331], [141.343174, 43.044125], [141.343214, 43.043815], [141.343234, 43.043673], [141.343287, 43.043257], [141.343291, 43.043218], [141.343331, 43.042912], [141.343388, 43.042473], [141.343392, 43.042447], [141.343474, 43.041793], [141.343476, 43.041778], [141.343491, 43.041667], [141.3436, 43.040822], [141.343675, 43.040147], [141.343755, 43.039544], [141.343761, 43.039499], [141.34384, 43.038882], [141.343842, 43.038864], [141.343884, 43.038529], [141.343935, 43.038131], [141.344023, 43.037478], [141.344107, 43.036807], [141.344133, 43.03661], [141.344183, 43.036227], [141.344195, 43.036138], [141.344263, 43.035606], [141.344283, 43.035455], [141.344319, 43.035171], [141.344342, 43.034994], [141.344368, 43.034787], [141.344453, 43.034128], [141.344535, 43.03348], [141.344551, 43.033353], [141.344554, 43.033333], [141.344585, 43.033082], [141.344603, 43.032942], [141.344651, 43.032578], [141.34468, 43.032352], [141.34469, 43.032276], [141.344735, 43.031918], [141.344748, 43.03181], [141.34479, 43.031486], [141.344828, 43.03118], [141.344835, 43.031129], [141.34488, 43.030782], [141.344935, 43.030345], [141.34494, 43.0303], [141.344993, 43.029899], [141.344998, 43.029861], [141.34504, 43.029542], [141.345045, 43.029504], [141.345087, 43.02915], [141.345101, 43.029039], [141.345137, 43.028752], [141.345224, 43.028081], [141.345292, 43.027543], [141.345395, 43.026742], [141.345564, 43.025356], [141.345609, 43.025], [141.345653, 43.02465], [141.345678, 43.024433], [141.345717, 43.024128], [141.345863, 43.022893], [141.345873, 43.022816], [141.345942, 43.022262], [141.345948, 43.022211], [141.345989, 43.021848], [141.346028, 43.021537], [141.346108, 43.020883], [141.346168, 43.020385], [141.346209, 43.020055], [141.346267, 43.019597], [141.346368, 43.018769], [141.346433, 43.01825], [141.346439, 43.018202], [141.346489, 43.017802], [141.346524, 43.017504], [141.346529, 43.01746], [141.346543, 43.017354], [141.346544, 43.017346], [141.34663, 43.016667], [141.346651, 43.016501], [141.346669, 43.016369], [141.346718, 43.015957], [141.346745, 43.015757], [141.346784, 43.015461], [141.34678, 43.015216], [141.346772, 43.015108], [141.346769, 43.015074], [141.346733, 43.014896], [141.346631, 43.014591], [141.346534, 43.014299], [141.346239, 43.013417], [141.346079, 43.012942], [141.345951, 43.012547], [141.345902, 43.012402], [141.34582, 43.012149], [141.345744, 43.011914], [141.345616, 43.01153], [141.345404, 43.010904], [141.345285, 43.010548], [141.345153, 43.010141], [141.34472, 43.00883], [141.344658, 43.00864], [141.344556, 43.008333], [141.344537, 43.008276], [141.344514, 43.008206], [141.344431, 43.007954], [141.344326, 43.007631], [141.344263, 43.007436], [141.344023, 43.006719], [141.343807, 43.006068], [141.343705, 43.005775], [141.343475, 43.005061], [141.343441, 43.004957], [141.343338, 43.004649], [141.343227, 43.004314], [141.343217, 43.004289], [141.34311, 43.004013], [141.343058, 43.003924], [141.34299, 43.003805], [141.342865, 43.003636], [141.342796, 43.003543], [141.342646, 43.003376], [141.342485, 43.003229], [141.342276, 43.00306], [141.34224, 43.00303], [141.341869, 43.002782], [141.341667, 43.002651], [141.341287, 43.002414], [141.340936, 43.002173], [141.339779, 43.001365], [141.339622, 43.001246], [141.339161, 43.000886], [141.338938, 43.000691], [141.338588, 43.000362], [141.338297, 43.000064], [141.338239, 43.0], [141.338164, 42.999909], [141.337876, 42.999582], [141.337704, 42.999352], [141.337481, 42.99904], [141.337172, 42.998552], [141.33695, 42.998147], [141.336802, 42.997842], [141.336643, 42.997493], [141.336473, 42.997085], [141.336441, 42.997009], [141.336261, 42.996588], [141.336028, 42.995973], [141.335399, 42.994169], [141.335355, 42.994043], [141.33509, 42.993247], [141.334998, 42.992968], [141.334938, 42.992788], [141.334875, 42.992597], [141.334801, 42.992374], [141.334747, 42.992212], [141.33456, 42.991667], [141.334518, 42.991542], [141.334454, 42.991282], [141.334404, 42.991088], [141.334362, 42.990885], [141.334335, 42.990714], [141.334311, 42.990492], [141.334272, 42.990125], [141.334255, 42.989648], [141.334278, 42.989082], [141.334304, 42.988836], [141.334362, 42.988484], [141.334399, 42.988291], [141.334444, 42.988124], [141.334472, 42.988017], [141.334592, 42.987457], [141.33472, 42.986947], [141.334825, 42.986541], [141.334855, 42.986415], [141.334955, 42.985999], [141.335016, 42.985739], [141.33514, 42.985217], [141.335243, 42.984787], [141.335337, 42.984392], [141.335381, 42.984197], [141.335395, 42.98413], [141.33544, 42.983969], [141.335469, 42.983856], [141.335576, 42.983434], [141.335588, 42.983386], [141.335599, 42.983333], [141.335644, 42.983098], [141.335693, 42.982901], [141.335769, 42.982596], [141.335866, 42.982198], [141.335996, 42.981674], [141.336065, 42.981382], [141.336166, 42.980973], [141.33626, 42.980584], [141.336283, 42.980491], [141.336386, 42.980064], [141.336487, 42.979663], [141.336559, 42.979376], [141.336608, 42.979173], [141.336634, 42.979053], [141.336666, 42.978872], [141.336686, 42.978691], [141.3367, 42.978518], [141.336701, 42.978276], [141.336698, 42.978235], [141.336689, 42.978108], [141.336684, 42.978042], [141.33666, 42.97784], [141.336612, 42.977585], [141.336538, 42.977266], [141.336504, 42.977152], [141.336446, 42.977017], [141.336407, 42.976936], [141.336217, 42.976593], [141.336118, 42.976408], [141.336, 42.976187], [141.335605, 42.975449], [141.335395, 42.975044], [141.335374, 42.975], [141.335235, 42.974732], [141.335202, 42.974668], [141.33501, 42.9743], [141.334926, 42.97415], [141.334846, 42.974], [141.334806, 42.973922], [141.334784, 42.973872], [141.334656, 42.973616], [141.334445, 42.973213], [141.334223, 42.972785], [141.334029, 42.972411], [141.333824, 42.97202], [141.33371, 42.971788], [141.333607, 42.971605], [141.333398, 42.971223], [141.333333, 42.971094], [141.333091, 42.970605], [141.333004, 42.970423], [141.332913, 42.970252], [141.332013, 42.968537], [141.331931, 42.968381], [141.331828, 42.968201], [141.331773, 42.968133], [141.331564, 42.967878], [141.331287, 42.967633], [141.330986, 42.967398], [141.330722, 42.96723], [141.330416, 42.967093], [141.330007, 42.966932], [141.329596, 42.966808], [141.329328, 42.966746], [141.329006, 42.966667], [141.328486, 42.966538], [141.328034, 42.966431], [141.327809, 42.966365], [141.327552, 42.96629], [141.326988, 42.966095], [141.326654, 42.965937], [141.326494, 42.965838], [141.326335, 42.96574], [141.3261, 42.965582], [141.325907, 42.965406], [141.325749, 42.965254], [141.325706, 42.965213], [141.325354, 42.964871], [141.325095, 42.964631], [141.325, 42.964541], [141.324547, 42.964083], [141.324425, 42.963977], [141.324396, 42.963949], [141.324262, 42.963818], [141.324033, 42.963633], [141.323635, 42.963395], [141.323536, 42.963344], [141.323372, 42.963276], [141.323079, 42.963166], [141.322669, 42.96304], [141.322311, 42.962932], [141.321947, 42.962826], [141.321712, 42.962758], [141.32133, 42.962648], [141.32068, 42.962465], [141.320375, 42.962375], [141.319845, 42.962212], [141.319738, 42.962183], [141.318966, 42.961961], [141.318816, 42.961918], [141.318575, 42.961848], [141.317871, 42.961657], [141.317553, 42.961582], [141.31713, 42.961511], [141.316738, 42.961461], [141.316667, 42.961453], [141.316287, 42.961411], [141.316182, 42.9614], [141.315849, 42.961362], [141.315018, 42.961257], [141.314118, 42.961153], [141.31387, 42.961123], [141.31339, 42.961063], [141.313236, 42.961046], [141.312955, 42.961013], [141.312621, 42.960981], [141.31227, 42.96096], [141.311895, 42.96096], [141.311766, 42.960962], [141.311569, 42.96097], [141.311247, 42.960983], [141.310303, 42.961025], [141.309151, 42.961081], [141.308333, 42.96112], [141.308331, 42.96112], [141.307928, 42.961139], [141.307694, 42.961149], [141.306862, 42.961187], [141.306121, 42.961221], [141.305658, 42.96124], [141.305247, 42.961257], [141.305164, 42.96126], [141.304432, 42.961297], [141.304219, 42.961306], [141.303879, 42.961323], [141.303119, 42.961355], [141.302603, 42.96138], [141.302278, 42.961395], [141.301935, 42.96141], [141.301686, 42.96142], [141.30114, 42.961444], [141.30045, 42.961479], [141.30035, 42.961484], [141.3, 42.961499], [141.299143, 42.961536], [141.29885, 42.961552], [141.298538, 42.961564], [141.298435, 42.961571], [141.297822, 42.961598], [141.296578, 42.96166], [141.296398, 42.961669], [141.296092, 42.961681], [141.295532, 42.961708], [141.294301, 42.961764], [141.292793, 42.96183], [141.291667, 42.961882], [141.291378, 42.961895], [141.290781, 42.961924], [141.290619, 42.961932], [141.290078, 42.961958], [141.289837, 42.96197], [141.289213, 42.961993], [141.288826, 42.962011], [141.288493, 42.962028], [141.288034, 42.962045], [141.287753, 42.962048], [141.287268, 42.96204], [141.287061, 42.962029], [141.286905, 42.962023], [141.286848, 42.962017], [141.286631, 42.961995], [141.286504, 42.961981], [141.286148, 42.961944], [141.285899, 42.961915], [141.285656, 42.961874], [141.28546, 42.96184], [141.285236, 42.961798], [141.284811, 42.961708], [141.28479, 42.961703], [141.284636, 42.961667], [141.284449, 42.961618], [141.284341, 42.961589], [141.28426, 42.961567], [141.283677, 42.961394], [141.283333, 42.961303], [141.283327, 42.961302], [141.283047, 42.961222], [141.282959, 42.9612], [141.282657, 42.961128], [141.282366, 42.961063], [141.281887, 42.960982], [141.281673, 42.960957], [141.28135, 42.960924], [141.281279, 42.96092], [141.281211, 42.960915], [141.280813, 42.9609], [141.280719, 42.960897], [141.28067, 42.960898], [141.280218, 42.960912], [141.279995, 42.960919], [141.279747, 42.960931], [141.279433, 42.960955], [141.279352, 42.960962], [141.279139, 42.960979], [141.278922, 42.961], [141.278867, 42.961004], [141.278795, 42.96101], [141.278706, 42.961017], [141.278411, 42.961039], [141.278338, 42.961043], [141.278283, 42.961048], [141.278118, 42.961064], [141.277929, 42.96108], [141.277857, 42.961085], [141.277779, 42.961093], [141.277396, 42.961123], [141.277339, 42.961126], [141.277189, 42.961139], [141.276788, 42.961172], [141.276724, 42.961176], [141.276643, 42.961185], [141.276348, 42.961209], [141.276256, 42.961215], [141.276199, 42.961219], [141.276115, 42.961226], [141.275405, 42.961289], [141.275, 42.96132], [141.274816, 42.961336], [141.274725, 42.961343], [141.2746, 42.961353], [141.274509, 42.961362], [141.274361, 42.961373], [141.27417, 42.961387], [141.273773, 42.961419], [141.27367, 42.961425], [141.273546, 42.961437], [141.27315, 42.96147], [141.273021, 42.961481], [141.27294, 42.961486], [141.272616, 42.961514], [141.271933, 42.961568], [141.271845, 42.961575], [141.271725, 42.961586], [141.270654, 42.961674], [141.270512, 42.961685], [141.269443, 42.961769], [141.269311, 42.96178], [141.269221, 42.961789], [141.26848, 42.96185], [141.268304, 42.961865], [141.268294, 42.961865], [141.267647, 42.961917], [141.267461, 42.961933], [141.26738, 42.96194], [141.267247, 42.961951], [141.267095, 42.961963], [141.267064, 42.961966], [141.266667, 42.961997], [141.266587, 42.962004], [141.266437, 42.962015], [141.266316, 42.962023], [141.266236, 42.962028], [141.266145, 42.962034], [141.266077, 42.962038], [141.265698, 42.962043], [141.265349, 42.962039], [141.265113, 42.962024], [141.264904, 42.962005], [141.264594, 42.961971], [141.263716, 42.961851], [141.262783, 42.961718], [141.262205, 42.961634], [141.26205, 42.961611], [141.261887, 42.961589], [141.261729, 42.961567], [141.26157, 42.961543], [141.261023, 42.961465], [141.260899, 42.961447], [141.260549, 42.961396], [141.260376, 42.961372], [141.26009, 42.961332], [141.259944, 42.961311], [141.25977, 42.961284], [141.259306, 42.961218], [141.259106, 42.96119], [141.259055, 42.961182], [141.258333, 42.961076], [141.258161, 42.961044], [141.257983, 42.961012], [141.25768, 42.960948], [141.257463, 42.960892], [141.257163, 42.9608], [141.256978, 42.960743], [141.256886, 42.960713], [141.256863, 42.960705], [141.256707, 42.960649], [141.256429, 42.960536], [141.256323, 42.960486], [141.256103, 42.960379], [141.255907, 42.960286], [141.255732, 42.960197], [141.255675, 42.960168], [141.255501, 42.960071], [141.255439, 42.960033], [141.25512, 42.959837], [141.255046, 42.959793], [141.254948, 42.959731], [141.254689, 42.959569], [141.254615, 42.959523], [141.254478, 42.959438], [141.254384, 42.95938], [141.253595, 42.958881], [141.253467, 42.958799], [141.253356, 42.958726], [141.252703, 42.958333], [141.252013, 42.957888], [141.251968, 42.957858], [141.251898, 42.957816], [141.251795, 42.957752], [141.251514, 42.957576], [141.25133, 42.957459], [141.2513, 42.957439], [141.251274, 42.957423], [141.251254, 42.95741], [141.250687, 42.95705], [141.250542, 42.956957], [141.250514, 42.956941], [141.25, 42.956643], [141.249884, 42.956581], [141.249708, 42.956485], [141.2496, 42.956426], [141.249467, 42.95636], [141.249366, 42.956311], [141.249162, 42.956218], [141.24906, 42.956173], [141.248777, 42.956059], [141.248512, 42.955961], [141.248453, 42.955939], [141.248268, 42.955882], [141.248101, 42.955837], [141.247781, 42.955762], [141.247418, 42.955689], [141.247145, 42.955647], [141.246937, 42.955618], [141.246685, 42.955597], [141.246507, 42.955585], [141.2464, 42.95558], [141.246297, 42.955574], [141.246204, 42.955573], [141.245984, 42.955571], [141.245916, 42.955571], [141.245219, 42.955594], [141.24506, 42.955604], [141.245023, 42.955607], [141.24305, 42.955842], [141.242987, 42.955849], [141.24276, 42.955876], [141.242561, 42.955898], [141.241667, 42.956004], [141.240337, 42.956164], [141.239554, 42.95626], [141.239294, 42.956288], [141.238764, 42.956346], [141.238642, 42.956358], [141.238476, 42.956379], [141.23756, 42.956487], [141.237217, 42.956529], [141.237103, 42.956543], [141.236928, 42.956563], [141.236735, 42.956585], [141.236624, 42.956598], [141.23646, 42.956619], [141.236368, 42.95663], [141.236317, 42.956636], [141.236195, 42.956651], [141.23434, 42.956878], [141.23423, 42.956892], [141.234071, 42.956912], [141.233904, 42.956936], [141.233333, 42.957027], [141.233139, 42.957055], [141.232679, 42.957136], [141.232181, 42.957244], [141.231528, 42.957402], [141.230621, 42.957639], [141.230419, 42.957704], [141.230261, 42.957753], [141.230066, 42.957813], [141.229812, 42.957889], [141.229613, 42.957958], [141.229393, 42.958038], [141.229273, 42.958086], [141.229156, 42.958133], [141.229024, 42.95819], [141.228697, 42.958333], [141.22838, 42.958462], [141.227584, 42.958826], [141.227151, 42.95906], [141.226689, 42.959323], [141.226485, 42.95944], [141.226143, 42.959641], [141.225752, 42.959862], [141.225587, 42.959953], [141.225359, 42.960084], [141.225108, 42.960236], [141.225, 42.960301], [141.224145, 42.960801], [141.223902, 42.960945], [141.223838, 42.960982], [141.223823, 42.960992], [141.223688, 42.961079], [141.223544, 42.96118], [141.223379, 42.961299], [141.223184, 42.961461], [141.223066, 42.961556], [141.222873, 42.961725], [141.222583, 42.962011], [141.222514, 42.962081], [141.222448, 42.962163], [141.222101, 42.962619], [141.221698, 42.963322], [141.221655, 42.963399], [141.221578, 42.963537], [141.221392, 42.963869], [141.221323, 42.96399], [141.221199, 42.964169], [141.221101, 42.964296], [141.220865, 42.964594], [141.220732, 42.96475], [141.220385, 42.965069], [141.220075, 42.965332], [141.21998, 42.965407], [141.219876, 42.965477], [141.219816, 42.965517], [141.219644, 42.965632], [141.219367, 42.965785], [141.219061, 42.965935], [141.21868, 42.966103], [141.218361, 42.966237], [141.218308, 42.96626], [141.218249, 42.966283], [141.217357, 42.966667], [141.216955, 42.966838], [141.216763, 42.966922], [141.216692, 42.966951], [141.216667, 42.966963], [141.216653, 42.966969], [141.216595, 42.966993], [141.216298, 42.967117], [141.215938, 42.967276], [141.214984, 42.967671], [141.214735, 42.967778], [141.214627, 42.967823], [141.214557, 42.967853], [141.214209, 42.967998], [141.214164, 42.968017], [141.214109, 42.96804], [141.213672, 42.968222], [141.213521, 42.968287], [141.213455, 42.968313], [141.213384, 42.968343], [141.21335, 42.968359], [141.21226, 42.968828], [141.212212, 42.968851], [141.212153, 42.968876], [141.212066, 42.968913], [141.212002, 42.96894], [141.211938, 42.968967], [141.211914, 42.968977], [141.211874, 42.968993], [141.211842, 42.969006], [141.21181, 42.969019], [141.211784, 42.96903], [141.211778, 42.969033], [141.211746, 42.969045], [141.211713, 42.969058], [141.211681, 42.969071], [141.211649, 42.969084], [141.211616, 42.969097], [141.211584, 42.969109], [141.211551, 42.969122], [141.211518, 42.969134], [141.211486, 42.969147], [141.211453, 42.969159], [141.21142, 42.969171], [141.211387, 42.969183], [141.211354, 42.969195], [141.211321, 42.969207], [141.211307, 42.969211], [141.211288, 42.969218], [141.211255, 42.96923], [141.211221, 42.969241], [141.211188, 42.969252], [141.211155, 42.969264], [141.211121, 42.969275], [141.211087, 42.969285], [141.211069, 42.969291], [141.211053, 42.969296], [141.21102, 42.969306], [141.210986, 42.969317], [141.210968, 42.969322], [141.210912, 42.969339], [141.210848, 42.969357], [141.21079, 42.969372], [141.210732, 42.969388], [141.210674, 42.969402], [141.210615, 42.969416], [141.210594, 42.969421], [141.210556, 42.96943], [141.21051, 42.96944], [141.210473, 42.969448], [141.210438, 42.969456], [141.210427, 42.969458], [141.210378, 42.969468], [141.210318, 42.96948], [141.210258, 42.969491], [141.210222, 42.969497], [141.210198, 42.969501], [141.210138, 42.969511], [141.210129, 42.969513], [141.210017, 42.96953], [141.209943, 42.96954], [141.209858, 42.969551], [141.209784, 42.969559], [141.20971, 42.969567], [141.209635, 42.969574], [141.209592, 42.969577], [141.209561, 42.96958], [141.209486, 42.969585], [141.209411, 42.96959], [141.209336, 42.969593], [141.209261, 42.969596], [141.209186, 42.969598], [141.209111, 42.9696], [141.209036, 42.9696], [141.208961, 42.9696], [141.208886, 42.969599], [141.208811, 42.969597], [141.208766, 42.969595], [141.208725, 42.969593], [141.208652, 42.96959], [141.208592, 42.969586], [141.208532, 42.969582], [141.208473, 42.969578], [141.208413, 42.969573], [141.208354, 42.969567], [141.208333, 42.969565], [141.208294, 42.969561], [141.208235, 42.969555], [141.208176, 42.969548], [141.208117, 42.96954], [141.208058, 42.969532], [141.207999, 42.969523], [141.20794, 42.969514], [141.207882, 42.969505], [141.207824, 42.969495], [141.207766, 42.969484], [141.20775, 42.969481], [141.20773, 42.969478], [141.207694, 42.969471], [141.207659, 42.969463], [141.207623, 42.969456], [141.207588, 42.969449], [141.207553, 42.969441], [141.207518, 42.969433], [141.207483, 42.969426], [141.207447, 42.969417], [141.207412, 42.969409], [141.207377, 42.969401], [141.207343, 42.969392], [141.207308, 42.969384], [141.207273, 42.969375], [141.207238, 42.969366], [141.207235, 42.969365], [141.207204, 42.969357], [141.207169, 42.969348], [141.207134, 42.969339], [141.2071, 42.96933], [141.207065, 42.96932], [141.207031, 42.969311], [141.206997, 42.969301], [141.206962, 42.969292], [141.206928, 42.969282], [141.206894, 42.969272], [141.206859, 42.969262], [141.206825, 42.969252], [141.206791, 42.969242], [141.206757, 42.969232], [141.206723, 42.969222], [141.206655, 42.969202], [141.206587, 42.969181], [141.206519, 42.96916], [141.206419, 42.96913], [141.206417, 42.969129], [141.206329, 42.969102], [141.206161, 42.96905], [141.206043, 42.969014], [141.205952, 42.968986], [141.205873, 42.968962], [141.205799, 42.96894], [141.205731, 42.96892], [141.205668, 42.968901], [141.205611, 42.968885], [141.205554, 42.968869], [141.205503, 42.968854], [141.205451, 42.96884], [141.205399, 42.968826], [141.205347, 42.968812], [141.20531, 42.968802], [141.205233, 42.968783], [141.205165, 42.968765], [141.204939, 42.968712], [141.204906, 42.968704], [141.204872, 42.968697], [141.204838, 42.96869], [141.204805, 42.968682], [141.204784, 42.968678], [141.204771, 42.968675], [141.204737, 42.968668], [141.204703, 42.968661], [141.204669, 42.968654], [141.204635, 42.968648], [141.204601, 42.968641], [141.204567, 42.968635], [141.204533, 42.968628], [141.204499, 42.968622], [141.204465, 42.968616], [141.204431, 42.96861], [141.204397, 42.968604], [141.204362, 42.968598], [141.204328, 42.968592], [141.204294, 42.968586], [141.204259, 42.968581], [141.204225, 42.968575], [141.204191, 42.96857], [141.204156, 42.968565], [141.204111, 42.968558], [141.204063, 42.968551], [141.204009, 42.968543], [141.203954, 42.968536], [141.203913, 42.96853], [141.2039, 42.968529], [141.203846, 42.968522], [141.203831, 42.96852], [141.203785, 42.968514], [141.203725, 42.968507], [141.203658, 42.968499], [141.203586, 42.96849], [141.203513, 42.968482], [141.203428, 42.968473], [141.203331, 42.968463], [141.203321, 42.968462], [141.203248, 42.968454], [141.20321, 42.96845], [141.203175, 42.968446], [141.201336, 42.968256], [141.201155, 42.968238], [141.200974, 42.968222], [141.200793, 42.968206], [141.200753, 42.968203], [141.200655, 42.968196], [141.200612, 42.968192], [141.20043, 42.96818], [141.200249, 42.968169], [141.200067, 42.968158], [141.2, 42.968155], [141.199885, 42.96815], [141.199703, 42.968142], [141.199521, 42.968136], [141.199338, 42.968131], [141.199156, 42.968128], [141.198974, 42.968126], [141.198792, 42.968125], [141.198609, 42.968126], [141.198427, 42.968128], [141.198245, 42.968131], [141.198109, 42.968134], [141.198063, 42.968135], [141.198011, 42.968137], [141.197881, 42.968141], [141.197698, 42.968148], [141.197555, 42.968155], [141.197226, 42.968166], [141.197162, 42.968168], [141.197137, 42.96817], [141.197129, 42.96817], [141.1971, 42.968172], [141.197025, 42.968178], [141.197, 42.968179], [141.196971, 42.968181], [141.196889, 42.968187], [141.196873, 42.968189], [141.196864, 42.968189], [141.196753, 42.968198], [141.196728, 42.9682], [141.196629, 42.968209], [141.196592, 42.968212], [141.196494, 42.968221], [141.196457, 42.968224], [141.196358, 42.968234], [141.196321, 42.968237], [141.196222, 42.968247], [141.196185, 42.968251], [141.196099, 42.96826], [141.196062, 42.968264], [141.195964, 42.968275], [141.195927, 42.968279], [141.195829, 42.968291], [141.195792, 42.968295], [141.195694, 42.968307], [141.195657, 42.968312], [141.195624, 42.968316], [141.195608, 42.968318], [141.195548, 42.968326], [141.195479, 42.968335], [141.195438, 42.96834], [141.195342, 42.968353], [141.195282, 42.968361], [141.195222, 42.968369], [141.195174, 42.968376], [141.195126, 42.968382], [141.195078, 42.968389], [141.195042, 42.968394], [141.195006, 42.9684], [141.194971, 42.968405], [141.194947, 42.968408], [141.194911, 42.968414], [141.194887, 42.968417], [141.194851, 42.968423], [141.194828, 42.968427], [141.194792, 42.968432], [141.194768, 42.968436], [141.194733, 42.968442], [141.194709, 42.968446], [141.194673, 42.968452], [141.19465, 42.968457], [141.194626, 42.968461], [141.194602, 42.968465], [141.194578, 42.968469], [141.194555, 42.968474], [141.194531, 42.968478], [141.194508, 42.968483], [141.194484, 42.968487], [141.194461, 42.968492], [141.194437, 42.968497], [141.194414, 42.968502], [141.19439, 42.968507], [141.194375, 42.96851], [141.194367, 42.968512], [141.194343, 42.968517], [141.19432, 42.968522], [141.194297, 42.968527], [141.194285, 42.968529], [141.194281, 42.96853], [141.194262, 42.968535], [141.194239, 42.96854], [141.194215, 42.968545], [141.194192, 42.968551], [141.194169, 42.968556], [141.194146, 42.968562], [141.194134, 42.968565], [141.194111, 42.968571], [141.194088, 42.968576], [141.194065, 42.968582], [141.194042, 42.968588], [141.194019, 42.968594], [141.193996, 42.9686], [141.193973, 42.968606], [141.193968, 42.968608], [141.193962, 42.968609], [141.193939, 42.968615], [141.193916, 42.968622], [141.193893, 42.968628], [141.193871, 42.968634], [141.193848, 42.968641], [141.193825, 42.968647], [141.193803, 42.968654], [141.19378, 42.968661], [141.193758, 42.968667], [141.193735, 42.968674], [141.193712, 42.968681], [141.19369, 42.968688], [141.193668, 42.968695], [141.193645, 42.968702], [141.193623, 42.968709], [141.193589, 42.96872], [141.193556, 42.968731], [141.193534, 42.968738], [141.193512, 42.968745], [141.193489, 42.968753], [141.193478, 42.968756], [141.193446, 42.968768], [141.193402, 42.968785], [141.193359, 42.968801], [141.193315, 42.968817], [141.193272, 42.968834], [141.193218, 42.968854], [141.193153, 42.968879], [141.193143, 42.968883], [141.193099, 42.968899], [141.193044, 42.968919], [141.19299, 42.968939], [141.192979, 42.968943], [141.192702, 42.969036], [141.192579, 42.969081], [141.192516, 42.969105], [141.192446, 42.969131], [141.192419, 42.96914], [141.191917, 42.969319], [141.191831, 42.969353], [141.191667, 42.969418], [141.191658, 42.969421], [141.191647, 42.969425], [141.191375, 42.969536], [141.19133, 42.969497], [141.191021, 42.969598], [141.19085, 42.969657], [141.190799, 42.969676], [141.190783, 42.969682], [141.190766, 42.969687], [141.190749, 42.969692], [141.190732, 42.969697], [141.190715, 42.969702], [141.190698, 42.969707], [141.190681, 42.969712], [141.190664, 42.969717], [141.190647, 42.969722], [141.19063, 42.969726], [141.190613, 42.969731], [141.190596, 42.969736], [141.190579, 42.96974], [141.190561, 42.969745], [141.190544, 42.969749], [141.190527, 42.969754], [141.190509, 42.969758], [141.190493, 42.969762], [141.19044, 42.969774], [141.190387, 42.969786], [141.190333, 42.969797], [141.19028, 42.969808], [141.190226, 42.969818], [141.190171, 42.969827], [141.190117, 42.969835], [141.190062, 42.969843], [141.190007, 42.96985], [141.189952, 42.969856], [141.189897, 42.969861], [141.189841, 42.969866], [141.189786, 42.96987], [141.18973, 42.969874], [141.189675, 42.969877], [141.189619, 42.969878], [141.189563, 42.96988], [141.189508, 42.96988], [141.189452, 42.96988], [141.189396, 42.969879], [141.189341, 42.969877], [141.189312, 42.969876], [141.189257, 42.969874], [141.189201, 42.96987], [141.189146, 42.969866], [141.189091, 42.969861], [141.189035, 42.969856], [141.189021, 42.969854], [141.188993, 42.969851], [141.188965, 42.969847], [141.188937, 42.969843], [141.18891, 42.969839], [141.188882, 42.969834], [141.188871, 42.969832], [141.188862, 42.96983], [141.18869, 42.969802], [141.188464, 42.969755], [141.187933, 42.969619], [141.187869, 42.9696], [141.186671, 42.969246], [141.186624, 42.96923], [141.186493, 42.969189], [141.186124, 42.969074], [141.184873, 42.968704], [141.184661, 42.968651], [141.184394, 42.968583], [141.184243, 42.968544], [141.184006, 42.96849], [141.183804, 42.968457], [141.183628, 42.968441], [141.18361, 42.968494], [141.183512, 42.968474], [141.183406, 42.968455], [141.183333, 42.968446], [141.18322, 42.968432], [141.183115, 42.968421], [141.18302, 42.968413], [141.18293, 42.968407], [141.182775, 42.968399], [141.182638, 42.968396], [141.18255, 42.968396], [141.182476, 42.968398], [141.182392, 42.968402], [141.182318, 42.968407], [141.182244, 42.968412], [141.182089, 42.968425], [141.18206, 42.968428], [141.182001, 42.968435], [141.181931, 42.968443], [141.18185, 42.968454], [141.18178, 42.968465], [141.181722, 42.968474], [141.181653, 42.968486], [141.181584, 42.968498], [141.181504, 42.968514], [141.181424, 42.968531], [141.181356, 42.968546], [141.181299, 42.968559], [141.181232, 42.968576], [141.181165, 42.968593], [141.181098, 42.968611], [141.181021, 42.968633], [141.180955, 42.968653], [141.180889, 42.968674], [141.180824, 42.968695], [141.18076, 42.968717], [141.180696, 42.968739], [141.180621, 42.968767], [141.180548, 42.968795], [141.180464, 42.968827], [141.18019, 42.968954], [141.180165, 42.968924], [141.179762, 42.969065], [141.177141, 42.970149], [141.177035, 42.970192], [141.176959, 42.970222], [141.176884, 42.970251], [141.176818, 42.970275], [141.176763, 42.970294], [141.176719, 42.970308], [141.176674, 42.970322], [141.176629, 42.970335], [141.176594, 42.970345], [141.176537, 42.97036], [141.176491, 42.970371], [141.176444, 42.970381], [141.176397, 42.97039], [141.17635, 42.970399], [141.176303, 42.970407], [141.176255, 42.970414], [141.176207, 42.97042], [141.176159, 42.970426], [141.17611, 42.97043], [141.176062, 42.970434], [141.176013, 42.970437], [141.175965, 42.970439], [141.175916, 42.97044], [141.175867, 42.97044], [141.175819, 42.970439], [141.17577, 42.970438], [141.175721, 42.970436], [141.175604, 42.970431], [141.175454, 42.970418], [141.175387, 42.970412], [141.175323, 42.970404], [141.17519, 42.970387], [141.175118, 42.970374], [141.175035, 42.970359], [141.175, 42.970352], [141.174941, 42.970341], [141.174846, 42.970322], [141.174741, 42.970299], [141.174647, 42.970278], [141.174554, 42.970256], [141.174473, 42.970236], [141.17438, 42.970213], [141.174288, 42.970188], [141.174208, 42.970166], [141.174129, 42.970143], [141.174038, 42.970117], [141.173948, 42.970089], [141.173847, 42.970056], [141.173674, 42.96999], [141.173505, 42.969919], [141.173458, 42.969896], [141.173395, 42.969864], [141.173218, 42.969768], [141.173069, 42.969683], [141.172948, 42.969606], [141.172684, 42.969423], [141.172483, 42.969301], [141.172402, 42.969255], [141.172158, 42.969137], [141.172137, 42.969161], [141.17198, 42.96908], [141.171973, 42.969076], [141.171911, 42.969046], [141.171848, 42.969016], [141.171832, 42.969008], [141.171688, 42.968946], [141.171633, 42.968924], [141.171578, 42.968902], [141.171512, 42.968878], [141.171456, 42.968858], [141.171388, 42.968835], [141.17132, 42.968812], [141.171285, 42.968801], [141.171256, 42.968792], [141.17124, 42.968787], [141.171149, 42.968758], [141.171045, 42.968728], [141.170917, 42.968691], [141.170622, 42.968607], [141.170616, 42.968605], [141.170523, 42.968578], [141.170443, 42.968554], [141.170351, 42.968526], [141.170287, 42.968505], [141.170271, 42.9685], [141.170203, 42.968478], [141.170135, 42.968455], [141.170095, 42.96844], [141.170068, 42.968431], [141.170013, 42.96841], [141.169958, 42.968389], [141.16994, 42.968382], [141.169892, 42.968362], [141.169849, 42.968344], [141.169806, 42.968325], [141.169753, 42.968301], [141.169701, 42.968277], [141.169649, 42.968252], [141.169598, 42.968226], [141.169548, 42.968199], [141.169498, 42.968172], [141.169468, 42.968155], [141.169439, 42.968138], [141.169388, 42.968107], [141.169341, 42.968079], [141.169287, 42.968045], [141.169233, 42.96801], [141.16917, 42.967969], [141.1691, 42.967921], [141.169021, 42.967867], [141.168918, 42.967794], [141.16876, 42.967681], [141.168195, 42.967277], [141.167786, 42.967567], [141.167611, 42.967708], [141.167525, 42.967782], [141.167386, 42.967908], [141.167459, 42.968006], [141.167143, 42.968297], [141.167081, 42.968263], [141.167041, 42.968234], [141.166994, 42.968187], [141.166935, 42.968112], [141.166903, 42.968088], [141.166891, 42.96812], [141.166891, 42.968252], [141.166886, 42.968265], [141.16688, 42.968273], [141.166871, 42.96828], [141.166863, 42.968285], [141.166855, 42.968286], [141.166848, 42.968286], [141.166842, 42.968284], [141.166835, 42.968281], [141.166689, 42.968104], [141.166685, 42.968101], [141.166682, 42.968099], [141.166667, 42.968095], [141.166597, 42.968104], [141.166161, 42.968175], [141.166099, 42.968184], [141.166092, 42.968183], [141.166084, 42.968181], [141.166078, 42.968176], [141.166073, 42.968167], [141.166006, 42.968022], [141.165995, 42.968001]]}}, {"type": "Feature", "properties": {"profile": "car", "route": "札幌駅→定山渓", "engine": "GraphHopper", "distance_km": 27.27, "duration_min": 24.7}, "geometry": {"type": "LineString", "coordinates": [[141.350217, 43.069338], [141.35006, 43.069284], [141.349887, 43.069247], [141.349865, 43.069172], [141.349821, 43.069104], [141.349744, 43.069046], [141.349617, 43.069], [141.348382, 43.068818], [141.348953, 43.066543], [141.349271, 43.06536], [141.349574, 43.064162], [141.349868, 43.062989], [141.350143, 43.061834], [141.343924, 43.060993], [141.341568, 43.06067], [141.340798, 43.060558], [141.341084, 43.059415], [141.341127, 43.05864], [141.341923, 43.055301], [141.342324, 43.052363], [141.342337, 43.052127], [141.342302, 43.051664], [141.342321, 43.05142], [141.342652, 43.048807], [141.34266, 43.048466], [141.342649, 43.04828], [141.3436, 43.040822], [141.343675, 43.040147], [141.345395, 43.026742], [141.346168, 43.020386], [141.346784, 43.015461], [141.346772, 43.015108], [141.346733, 43.014897], [141.345285, 43.010549], [141.343338, 43.004649], [141.343217, 43.004289], [141.34311, 43.004013], [141.34299, 43.003805], [141.342796, 43.003543], [141.342646, 43.003376], [141.342485, 43.003229], [141.342276, 43.00306], [141.341869, 43.002782], [141.341287, 43.002414], [141.339779, 43.001365], [141.339161, 43.000886], [141.338938, 43.000692], [141.338588, 43.000362], [141.338239, 43.0], [141.337876, 42.999582], [141.337481, 42.99904], [141.337172, 42.998552], [141.33695, 42.998147], [141.336643, 42.997493], [141.336261, 42.996588], [141.336028, 42.995973], [141.335355, 42.994043], [141.334518, 42.991542], [141.334404, 42.991088], [141.334335, 42.990714], [141.334272, 42.990125], [141.334255, 42.989648], [141.334278, 42.989082], [141.334305, 42.988836], [141.334399, 42.988291], [141.334444, 42.988124], [141.334592, 42.987457], [141.334825, 42.986541], [141.335395, 42.98413], [141.335576, 42.983434], [141.335644, 42.983098], [141.336608, 42.979174], [141.336666, 42.978872], [141.3367, 42.978518], [141.336698, 42.978235], [141.33666, 42.97784], [141.336612, 42.977585], [141.336504, 42.977152], [141.336446, 42.977017], [141.335605, 42.975449], [141.33501, 42.9743], [141.334846, 42.974], [141.334656, 42.973616], [141.33371, 42.971788], [141.333398, 42.971223], [141.333004, 42.970423], [141.331931, 42.968381], [141.331828, 42.968201], [141.331564, 42.967878], [141.331287, 42.967633], [141.330986, 42.967398], [141.330722, 42.96723], [141.330416, 42.967093], [141.330007, 42.966932], [141.329596, 42.966808], [141.328034, 42.966431], [141.327552, 42.96629], [141.326988, 42.966095], [141.326654, 42.965937], [141.3261, 42.965582], [141.325, 42.964541], [141.324547, 42.964084], [141.324262, 42.963818], [141.324033, 42.963633], [141.323635, 42.963395], [141.323536, 42.963344], [141.323079, 42.963167], [141.322311, 42.962932], [141.32068, 42.962465], [141.319845, 42.962212], [141.318575, 42.961848], [141.317871, 42.961657], [141.317554, 42.961582], [141.31713, 42.961512], [141.313236, 42.961046], [141.312621, 42.960981], [141.31227, 42.96096], [141.311766, 42.960962], [141.30114, 42.961444], [141.289837, 42.96197], [141.288493, 42.962028], [141.288034, 42.962045], [141.287753, 42.962048], [141.287268, 42.96204], [141.286848, 42.962017], [141.285899, 42.961915], [141.285236, 42.961799], [141.28479, 42.961704], [141.28426, 42.961567], [141.283677, 42.961394], [141.283047, 42.961222], [141.282366, 42.961063], [141.281887, 42.960982], [141.281279, 42.96092], [141.28067, 42.960898], [141.279748, 42.960931], [141.279433, 42.960955], [141.275406, 42.961289], [141.266316, 42.962023], [141.266145, 42.962034], [141.265698, 42.962043], [141.265349, 42.962039], [141.264904, 42.962005], [141.264594, 42.961971], [141.263716, 42.961851], [141.258333, 42.961076], [141.25768, 42.960948], [141.257463, 42.960893], [141.256978, 42.960743], [141.256708, 42.96065], [141.256324, 42.960487], [141.255675, 42.960168], [141.255501, 42.960071], [141.254384, 42.95938], [141.253467, 42.958799], [141.252703, 42.958333], [141.251968, 42.957858], [141.250542, 42.956957], [141.25, 42.956643], [141.2496, 42.956426], [141.249162, 42.956218], [141.248777, 42.956059], [141.248453, 42.955939], [141.248268, 42.955882], [141.247781, 42.955762], [141.247418, 42.955689], [141.246937, 42.955618], [141.246297, 42.955574], [141.245984, 42.955571], [141.24506, 42.955604], [141.239294, 42.956288], [141.238642, 42.956358], [141.234071, 42.956912], [141.233139, 42.957055], [141.232679, 42.957136], [141.232181, 42.957244], [141.231528, 42.957402], [141.230621, 42.957639], [141.229812, 42.957889], [141.229393, 42.958039], [141.22838, 42.958462], [141.227585, 42.958826], [141.227151, 42.95906], [141.225587, 42.959953], [141.223838, 42.960983], [141.223688, 42.961079], [141.223379, 42.961299], [141.222873, 42.961725], [141.222514, 42.962081], [141.222101, 42.962619], [141.221323, 42.96399], [141.221199, 42.964169], [141.220865, 42.964594], [141.220732, 42.96475], [141.220385, 42.965069], [141.21998, 42.965407], [141.219644, 42.965632], [141.219367, 42.965785], [141.219061, 42.965935], [141.21868, 42.966103], [141.215938, 42.967276], [141.213384, 42.968343], [141.212212, 42.968851], [141.211914, 42.968977], [141.211308, 42.969211], [141.210912, 42.969339], [141.210594, 42.969421], [141.210222, 42.969497], [141.209944, 42.96954], [141.209592, 42.969577], [141.209186, 42.969598], [141.208725, 42.969594], [141.208235, 42.969555], [141.20775, 42.969481], [141.207235, 42.969365], [141.206757, 42.969232], [141.205668, 42.968901], [141.205233, 42.968783], [141.204784, 42.968678], [141.204465, 42.968616], [141.204111, 42.968558], [141.203725, 42.968507], [141.203248, 42.968454], [141.201155, 42.968239], [141.200612, 42.968193], [141.200067, 42.968158], [141.199521, 42.968136], [141.198792, 42.968125], [141.198245, 42.968131], [141.197162, 42.968168], [141.19663, 42.968209], [141.196062, 42.968264], [141.195549, 42.968326], [141.195006, 42.9684], [141.19465, 42.968457], [141.194344, 42.968517], [141.194019, 42.968594], [141.193758, 42.968667], [141.193489, 42.968753], [141.19299, 42.968939], [141.191917, 42.969319], [141.191375, 42.969536], [141.19133, 42.969497], [141.190799, 42.969677], [141.190596, 42.969736], [141.190334, 42.969797], [141.190062, 42.969843], [141.189786, 42.969871], [141.189508, 42.96988], [141.189257, 42.969874], [141.188965, 42.969847], [141.18869, 42.969802], [141.188464, 42.969755], [141.187869, 42.9696], [141.184873, 42.968704], [141.184243, 42.968544], [141.184006, 42.96849], [141.183804, 42.968457], [141.183628, 42.968441], [141.18361, 42.968494], [141.183406, 42.968455], [141.183221, 42.968432], [141.18302, 42.968413], [141.182775, 42.968399], [141.182476, 42.968398], [141.182089, 42.968426], [141.18185, 42.968454], [141.181584, 42.968498], [141.181356, 42.968546], [141.181098, 42.968611], [141.180889, 42.968674], [141.180464, 42.968828], [141.18019, 42.968954], [141.180165, 42.968924], [141.179762, 42.969065], [141.177035, 42.970193], [141.176818, 42.970275], [141.176629, 42.970335], [141.176491, 42.970371], [141.176303, 42.970407], [141.176159, 42.970426], [141.175965, 42.970439], [141.175604, 42.970431], [141.17519, 42.970387], [141.174846, 42.970322], [141.174473, 42.970237], [141.174129, 42.970144], [141.173847, 42.970057], [141.173505, 42.969919], [141.173069, 42.969683], [141.172684, 42.969423], [141.172402, 42.969256], [141.172158, 42.969138], [141.172137, 42.969161], [141.171911, 42.969046], [141.171688, 42.968946], [141.171456, 42.968858], [141.171256, 42.968792], [141.170443, 42.968554], [141.170068, 42.968431], [141.169753, 42.968302], [141.169439, 42.968138], [141.16917, 42.967969], [141.168195, 42.967277], [141.167786, 42.967567], [141.167525, 42.967782], [141.167386, 42.967908], [141.167459, 42.968006], [141.167143, 42.968297], [141.167041, 42.968234], [141.166935, 42.968112], [141.166903, 42.968088], [141.166891, 42.96812], [141.166891, 42.968252], [141.16688, 42.968273], [141.166855, 42.968286], [141.166835, 42.968281], [141.166682, 42.968099], [141.166597, 42.968104], [141.166099, 42.968184], [141.166078, 42.968176], [141.165993, 42.968002]]}}, {"type": "Feature", "properties": {"profile": "car", "route": "小樽駅→余市駅", "engine": "OSRM", "distance_km": 20.625, "duration_min": 16.3}, "geometry": {"type": "LineString", "coordinates": [[140.993818, 43.198211], [140.993808, 43.198244], [140.993808, 43.198301], [140.993786, 43.19836], [140.993722, 43.198496], [140.993373, 43.199127], [140.993355, 43.19916], [140.994007, 43.19932], [140.993916, 43.199539], [140.993756, 43.199927], [140.993728, 43.2], [140.993684, 43.200115], [140.993507, 43.20055], [140.993206, 43.201306], [140.99294, 43.201989], [140.992879, 43.202128], [140.992702, 43.202499], [140.992588, 43.202485], [140.99249, 43.202474], [140.992163, 43.202438], [140.992126, 43.202433], [140.991719, 43.202388], [140.991667, 43.202383], [140.991409, 43.20236], [140.991354, 43.202358], [140.990959, 43.202318], [140.990791, 43.202296], [140.99076, 43.202295], [140.990612, 43.202284], [140.990387, 43.202263], [140.990274, 43.202253], [140.990184, 43.202245], [140.989767, 43.202199], [140.989604, 43.202181], [140.989514, 43.202173], [140.989166, 43.202135], [140.9889, 43.202098], [140.988125, 43.202014], [140.987487, 43.202006], [140.987185, 43.20201], [140.986714, 43.202033], [140.98639, 43.202079], [140.986103, 43.20216], [140.985596, 43.20238], [140.985356, 43.202551], [140.985117, 43.202796], [140.98486, 43.203113], [140.984453, 43.203667], [140.983968, 43.204352], [140.983672, 43.204722], [140.983333, 43.205077], [140.983201, 43.205215], [140.983092, 43.205309], [140.982922, 43.205414], [140.982451, 43.205645], [140.982023, 43.205808], [140.981449, 43.206011], [140.981039, 43.206158], [140.98085, 43.206219], [140.980747, 43.206262], [140.980022, 43.206575], [140.979443, 43.206831], [140.97922, 43.206937], [140.978994, 43.207033], [140.978377, 43.207304], [140.978258, 43.207341], [140.978057, 43.207401], [140.977912, 43.207427], [140.977735, 43.207453], [140.977578, 43.207475], [140.977462, 43.207486], [140.977338, 43.207491], [140.977059, 43.207492], [140.976864, 43.207484], [140.976786, 43.207481], [140.976756, 43.207532], [140.976382, 43.207462], [140.975, 43.207119], [140.974173, 43.206888], [140.972968, 43.206697], [140.972127, 43.20658], [140.971314, 43.206547], [140.970541, 43.206586], [140.970114, 43.206625], [140.969528, 43.206703], [140.968627, 43.20689], [140.967914, 43.207088], [140.966804, 43.207453], [140.966667, 43.207531], [140.965245, 43.208333], [140.964914, 43.20852], [140.964367, 43.208927], [140.963804, 43.209423], [140.96354, 43.209795], [140.963053, 43.210423], [140.962412, 43.211242], [140.962178, 43.211556], [140.96187, 43.211914], [140.961798, 43.211985], [140.961724, 43.211944], [140.961557, 43.212106], [140.961388, 43.212266], [140.96134, 43.212311], [140.961127, 43.212485], [140.961065, 43.212536], [140.960706, 43.212824], [140.960336, 43.21307], [140.960222, 43.21314], [140.960025, 43.213244], [140.959498, 43.213522], [140.959327, 43.213622], [140.959265, 43.213657], [140.959186, 43.213703], [140.958973, 43.213827], [140.958623, 43.214052], [140.958333, 43.214257], [140.958333, 43.214257], [140.958135, 43.214394], [140.957966, 43.214514], [140.957717, 43.214723], [140.957201, 43.215232], [140.956727, 43.215741], [140.956018, 43.216474], [140.955917, 43.216578], [140.955838, 43.216667], [140.955834, 43.216671], [140.955205, 43.217344], [140.95441, 43.21819], [140.954286, 43.21832], [140.954224, 43.218384], [140.95411, 43.218496], [140.954015, 43.218593], [140.953791, 43.218765], [140.953572, 43.218888], [140.953467, 43.218944], [140.953459, 43.218949], [140.953351, 43.21901], [140.953258, 43.219044], [140.952513, 43.21931], [140.951965, 43.219481], [140.951865, 43.219517], [140.951785, 43.219543], [140.951627, 43.219595], [140.951276, 43.219724], [140.951167, 43.219768], [140.950993, 43.219829], [140.950859, 43.219866], [140.950542, 43.219941], [140.950322, 43.219978], [140.950176, 43.220002], [140.950107, 43.220005], [140.95, 43.22001], [140.949859, 43.220008], [140.949686, 43.220004], [140.949585, 43.219994], [140.949476, 43.21998], [140.949247, 43.219947], [140.94898, 43.219887], [140.948606, 43.219771], [140.9484, 43.21969], [140.948288, 43.21964], [140.948163, 43.219576], [140.948097, 43.21954], [140.947998, 43.219482], [140.947257, 43.219067], [140.947172, 43.219019], [140.947012, 43.21892], [140.946305, 43.218494], [140.946202, 43.218432], [140.946126, 43.218389], [140.9459, 43.218263], [140.945835, 43.218226], [140.945799, 43.218205], [140.945773, 43.21819], [140.945666, 43.218125], [140.94554, 43.21805], [140.944914, 43.217685], [140.944782, 43.217608], [140.94458, 43.21749], [140.944446, 43.217412], [140.944203, 43.217269], [140.944066, 43.217185], [140.944001, 43.217147], [140.943439, 43.216803], [140.943399, 43.216779], [140.943309, 43.216718], [140.943249, 43.216678], [140.943232, 43.216667], [140.943196, 43.216643], [140.943067, 43.21656], [140.943021, 43.21653], [140.942609, 43.216263], [140.942502, 43.216194], [140.942466, 43.216171], [140.942228, 43.21602], [140.942182, 43.215991], [140.942047, 43.215905], [140.94194, 43.215837], [140.941765, 43.215724], [140.941668, 43.215662], [140.941667, 43.215661], [140.941641, 43.215645], [140.941376, 43.215461], [140.941253, 43.215376], [140.941247, 43.215371], [140.941156, 43.215313], [140.941029, 43.215232], [140.940875, 43.215133], [140.940764, 43.215061], [140.940683, 43.215009], [140.940627, 43.214969], [140.940575, 43.214931], [140.940174, 43.214675], [140.940028, 43.214582], [140.939754, 43.214407], [140.939651, 43.214346], [140.939575, 43.214297], [140.93945, 43.214218], [140.939317, 43.214132], [140.939144, 43.214021], [140.939088, 43.213985], [140.939008, 43.213933], [140.938736, 43.213759], [140.938607, 43.213676], [140.938562, 43.213647], [140.938325, 43.213496], [140.937804, 43.213156], [140.937315, 43.212837], [140.936913, 43.212575], [140.936834, 43.21253], [140.936754, 43.21248], [140.936656, 43.212418], [140.936604, 43.212386], [140.935674, 43.211764], [140.935452, 43.211615], [140.935301, 43.211514], [140.935107, 43.211397], [140.93497, 43.211297], [140.934853, 43.211231], [140.934518, 43.211047], [140.934181, 43.210877], [140.933865, 43.21076], [140.933701, 43.210705], [140.933536, 43.21065], [140.933411, 43.210614], [140.933333, 43.210589], [140.93331, 43.210581], [140.933152, 43.210533], [140.932628, 43.210366], [140.932539, 43.210342], [140.932478, 43.210321], [140.932455, 43.210314], [140.932268, 43.210254], [140.930902, 43.209837], [140.930848, 43.20982], [140.930695, 43.209771], [140.929989, 43.209555], [140.928322, 43.209045], [140.92823, 43.209017], [140.928109, 43.20898], [140.928023, 43.208954], [140.927851, 43.208899], [140.927666, 43.208841], [140.927636, 43.208832], [140.92748, 43.208784], [140.92737, 43.20875], [140.927277, 43.208721], [140.927198, 43.208696], [140.927175, 43.208691], [140.927073, 43.208666], [140.926871, 43.208618], [140.926495, 43.20855], [140.926229, 43.208509], [140.926133, 43.208492], [140.926051, 43.208482], [140.925683, 43.208458], [140.925434, 43.208456], [140.92529, 43.208459], [140.925189, 43.208465], [140.925, 43.208475], [140.924985, 43.208476], [140.924229, 43.208546], [140.923294, 43.208651], [140.923196, 43.208662], [140.922924, 43.208693], [140.922693, 43.208719], [140.922574, 43.208739], [140.922386, 43.208776], [140.921996, 43.208878], [140.92172, 43.208967], [140.92165, 43.208997], [140.921506, 43.209059], [140.921305, 43.209145], [140.921137, 43.209238], [140.921033, 43.209301], [140.920996, 43.209324], [140.920897, 43.209383], [140.920753, 43.20947], [140.920122, 43.209853], [140.920061, 43.209889], [140.919643, 43.210142], [140.919424, 43.210249], [140.919336, 43.210292], [140.919274, 43.210323], [140.919262, 43.210329], [140.918887, 43.210492], [140.918552, 43.21059], [140.918415, 43.210624], [140.918203, 43.210676], [140.918114, 43.210698], [140.917885, 43.21073], [140.917705, 43.210755], [140.917318, 43.210784], [140.917092, 43.210782], [140.916749, 43.210782], [140.916667, 43.210773], [140.916444, 43.210748], [140.916153, 43.210712], [140.915955, 43.210679], [140.915834, 43.210662], [140.91485, 43.210535], [140.914619, 43.210505], [140.914177, 43.210457], [140.914057, 43.210438], [140.913959, 43.210423], [140.913613, 43.210379], [140.913281, 43.210338], [140.913147, 43.210322], [140.911837, 43.210165], [140.911769, 43.210156], [140.9117, 43.210147], [140.911598, 43.210132], [140.911496, 43.210116], [140.911438, 43.210107], [140.911428, 43.210106], [140.91136, 43.210095], [140.911258, 43.210078], [140.911156, 43.21006], [140.911055, 43.210042], [140.910954, 43.210023], [140.910841, 43.210001], [140.91074, 43.209981], [140.91064, 43.20996], [140.910539, 43.209939], [140.910439, 43.209917], [140.91034, 43.209894], [140.91024, 43.209871], [140.910174, 43.209855], [140.910075, 43.209831], [140.909976, 43.209806], [140.909878, 43.20978], [140.909812, 43.209763], [140.909747, 43.209745], [140.909573, 43.209697], [140.909475, 43.20967], [140.909377, 43.209644], [140.909311, 43.209627], [140.909246, 43.20961], [140.909147, 43.209585], [140.909081, 43.209569], [140.909015, 43.209553], [140.908948, 43.209538], [140.908882, 43.209522], [140.908782, 43.2095], [140.908715, 43.209485], [140.908649, 43.209471], [140.90857, 43.209454], [140.908503, 43.209441], [140.908436, 43.209427], [140.908368, 43.209414], [140.908333, 43.209407], [140.908301, 43.209401], [140.908234, 43.209388], [140.908166, 43.209376], [140.908099, 43.209364], [140.908031, 43.209352], [140.907963, 43.209341], [140.907895, 43.20933], [140.907827, 43.209319], [140.907759, 43.209308], [140.907657, 43.209292], [140.907589, 43.209282], [140.907486, 43.209268], [140.907383, 43.209254], [140.907281, 43.209241], [140.907212, 43.209233], [140.907109, 43.209221], [140.90704, 43.209213], [140.906937, 43.209202], [140.903342, 43.208837], [140.903201, 43.208823], [140.903094, 43.208813], [140.902988, 43.208803], [140.902881, 43.208794], [140.902775, 43.208785], [140.902668, 43.208777], [140.902561, 43.208769], [140.902454, 43.208763], [140.902399, 43.20876], [140.902343, 43.208757], [140.902259, 43.208754], [140.902175, 43.208751], [140.902119, 43.208749], [140.902063, 43.208748], [140.901978, 43.208747], [140.901922, 43.208746], [140.901866, 43.208746], [140.90181, 43.208746], [140.901754, 43.208747], [140.90167, 43.208748], [140.901586, 43.20875], [140.901529, 43.208751], [140.901473, 43.208753], [140.901417, 43.208755], [140.901361, 43.208757], [140.901277, 43.208761], [140.901108, 43.208772], [140.901014, 43.208779], [140.900943, 43.208784], [140.900872, 43.20879], [140.900765, 43.2088], [140.900694, 43.208807], [140.900588, 43.208818], [140.900446, 43.208833], [140.90027, 43.208852], [140.9, 43.208883], [140.898781, 43.209022], [140.898634, 43.209038], [140.898604, 43.209041], [140.898571, 43.209044], [140.898471, 43.209054], [140.898387, 43.209061], [140.898311, 43.209067], [140.898235, 43.209072], [140.898197, 43.209074], [140.898132, 43.209077], [140.89809, 43.209078], [140.898048, 43.20908], [140.898007, 43.209081], [140.897965, 43.209082], [140.897902, 43.209082], [140.89786, 43.209082], [140.897819, 43.209082], [140.897777, 43.209082], [140.897735, 43.209081], [140.897693, 43.20908], [140.897652, 43.209078], [140.897607, 43.209076], [140.897565, 43.209075], [140.897523, 43.209072], [140.897477, 43.209069], [140.897435, 43.209066], [140.897387, 43.209063], [140.897365, 43.209061], [140.89734, 43.209059], [140.897294, 43.209055], [140.897247, 43.20905], [140.897195, 43.209045], [140.897125, 43.209038], [140.897055, 43.20903], [140.896976, 43.20902], [140.896945, 43.209017], [140.896887, 43.20901], [140.896613, 43.208975], [140.896397, 43.208948], [140.896246, 43.20893], [140.895814, 43.208874], [140.895687, 43.208859], [140.89544, 43.208829], [140.895212, 43.208798], [140.895038, 43.208773], [140.894948, 43.208754], [140.894812, 43.208726], [140.894679, 43.208691], [140.894535, 43.208657], [140.894429, 43.208629], [140.894221, 43.208567], [140.894153, 43.208544], [140.89391, 43.20846], [140.893803, 43.208419], [140.89374, 43.208391], [140.893677, 43.208362], [140.893636, 43.208342], [140.893617, 43.208333], [140.893574, 43.208312], [140.893514, 43.208282], [140.893454, 43.20825], [140.893394, 43.208217], [140.893336, 43.208184], [140.893278, 43.20815], [140.893221, 43.208116], [140.893165, 43.208081], [140.89309, 43.208034], [140.893016, 43.207987], [140.892408, 43.207592], [140.892352, 43.207556], [140.892165, 43.207439], [140.892089, 43.207393], [140.891993, 43.207336], [140.891916, 43.207291], [140.891819, 43.207235], [140.891722, 43.20718], [140.891667, 43.20715], [140.891643, 43.207137], [140.891544, 43.207083], [140.891444, 43.20703], [140.891344, 43.206978], [140.891243, 43.206926], [140.891141, 43.206876], [140.891038, 43.206826], [140.890935, 43.206777], [140.890831, 43.206728], [140.890726, 43.20668], [140.890621, 43.206633], [140.890537, 43.206596], [140.890452, 43.20656], [140.890345, 43.206515], [140.890237, 43.206471], [140.890151, 43.206436], [140.890042, 43.206393], [140.889933, 43.206352], [140.889846, 43.206319], [140.889735, 43.206278], [140.889625, 43.206239], [140.889536, 43.206207], [140.889424, 43.206169], [140.889312, 43.206132], [140.889199, 43.206095], [140.889086, 43.20606], [140.888973, 43.206025], [140.888859, 43.205991], [140.888744, 43.205957], [140.888629, 43.205925], [140.888514, 43.205893], [140.888421, 43.205869], [140.888305, 43.205839], [140.888211, 43.205815], [140.888095, 43.205787], [140.888001, 43.205765], [140.88793, 43.205749], [140.887746, 43.205707], [140.887534, 43.205664], [140.887416, 43.20564], [140.887296, 43.205617], [140.887177, 43.205596], [140.887057, 43.205575], [140.886937, 43.205555], [140.88684, 43.205539], [140.886744, 43.205525], [140.886623, 43.205507], [140.886502, 43.20549], [140.883333, 43.205067], [140.880083, 43.204633], [140.875506, 43.204021], [140.875244, 43.203986], [140.875, 43.203952], [140.874779, 43.203921], [140.874455, 43.203866], [140.87422, 43.203822], [140.873868, 43.203745], [140.873746, 43.203713], [140.873586, 43.203668], [140.873381, 43.203606], [140.872961, 43.203465], [140.872882, 43.203439], [140.87264, 43.203345], [140.872348, 43.203223], [140.871887, 43.203001], [140.871784, 43.202952], [140.869606, 43.201915], [140.869522, 43.201873], [140.869396, 43.201808], [140.869253, 43.201734], [140.869153, 43.20168], [140.869053, 43.201626], [140.868954, 43.201571], [140.868855, 43.201516], [140.868757, 43.20146], [140.86866, 43.201404], [140.868563, 43.201347], [140.868467, 43.201289], [140.868371, 43.201231], [140.868276, 43.201172], [140.868182, 43.201113], [140.868088, 43.201054], [140.867995, 43.200993], [140.867902, 43.200933], [140.867811, 43.200871], [140.86772, 43.20081], [140.867629, 43.200747], [140.867539, 43.200685], [140.86745, 43.200621], [140.867364, 43.200559], [140.867277, 43.200501], [140.867108, 43.200372], [140.866667, 43.200012], [140.866652, 43.2], [140.866543, 43.19991], [140.866218, 43.199681], [140.865982, 43.199516], [140.865655, 43.199304], [140.865561, 43.199253], [140.865437, 43.199196], [140.865298, 43.199148], [140.865053, 43.199063], [140.864779, 43.198995], [140.864613, 43.198966], [140.864449, 43.198936], [140.864127, 43.198892], [140.862693, 43.19871], [140.862432, 43.198678], [140.862213, 43.198647], [140.861909, 43.198604], [140.861448, 43.198565], [140.861225, 43.198542], [140.860912, 43.198545], [140.860727, 43.198548], [140.860307, 43.198566], [140.85967, 43.198599], [140.859118, 43.198623], [140.858864, 43.198626], [140.858483, 43.198606], [140.858333, 43.198585], [140.858178, 43.198563], [140.857788, 43.198478], [140.857367, 43.198366], [140.856947, 43.198255], [140.856537, 43.198146], [140.856266, 43.198074], [140.855628, 43.197904], [140.855111, 43.197776], [140.854742, 43.197684], [140.854518, 43.197623], [140.854117, 43.197521], [140.853577, 43.197382], [140.852976, 43.197217], [140.852847, 43.19718], [140.852584, 43.197109], [140.852333, 43.197051], [140.852191, 43.197016], [140.851243, 43.196779], [140.850869, 43.196673], [140.850498, 43.196595], [140.850062, 43.196544], [140.85, 43.196544], [140.849659, 43.196543], [140.849475, 43.196559], [140.849305, 43.196582], [140.849159, 43.196609], [140.848983, 43.196649], [140.848818, 43.196697], [140.848542, 43.196802], [140.84829, 43.196922], [140.848112, 43.197011], [140.847973, 43.197086], [140.847895, 43.197128], [140.847713, 43.197233], [140.847331, 43.197454], [140.847263, 43.197491], [140.847096, 43.197582], [140.846901, 43.197692], [140.846801, 43.197741], [140.846601, 43.197829], [140.846189, 43.198], [140.846102, 43.198033], [140.846034, 43.198054], [140.845929, 43.198077], [140.845811, 43.198097], [140.845734, 43.198105], [140.845681, 43.198111], [140.845647, 43.198114], [140.845567, 43.198119], [140.84547, 43.198122], [140.845349, 43.198119], [140.845241, 43.198112], [140.845141, 43.198102], [140.845044, 43.198088], [140.844949, 43.198073], [140.844836, 43.198051], [140.844719, 43.19802], [140.844629, 43.197991], [140.844519, 43.197946], [140.844432, 43.197901], [140.843533, 43.197423], [140.843509, 43.197409], [140.843311, 43.197302], [140.843212, 43.197249], [140.84317, 43.197226], [140.843113, 43.197195], [140.843021, 43.197146], [140.842965, 43.197115], [140.842915, 43.197088], [140.842774, 43.197012], [140.84276, 43.197005], [140.842519, 43.196874], [140.842362, 43.196789], [140.842241, 43.196724], [140.842222, 43.196714], [140.842195, 43.196699], [140.842165, 43.196683], [140.842122, 43.196661], [140.842101, 43.19665], [140.842072, 43.196636], [140.842021, 43.19661], [140.841997, 43.196598], [140.841968, 43.196584], [140.841948, 43.196574], [140.841919, 43.19656], [140.841897, 43.19655], [140.841869, 43.196537], [140.841841, 43.196524], [140.841815, 43.196512], [140.841791, 43.196501], [140.841761, 43.196488], [140.841734, 43.196476], [140.84171, 43.196465], [140.841667, 43.196447], [140.841659, 43.196443], [140.841603, 43.19642], [140.841552, 43.196399], [140.841496, 43.196376], [140.841449, 43.196358], [140.841396, 43.196338], [140.841343, 43.196318], [140.841298, 43.196302], [140.841233, 43.196278], [140.841172, 43.196257], [140.841112, 43.196237], [140.841054, 43.196218], [140.841, 43.196201], [140.840941, 43.196182], [140.840891, 43.196167], [140.840858, 43.196158], [140.840713, 43.196115], [140.840484, 43.196048], [140.840094, 43.195932], [140.83969, 43.195816], [140.839091, 43.195642], [140.838528, 43.195477], [140.838173, 43.195377], [140.838044, 43.195341], [140.837912, 43.195308], [140.837549, 43.195227], [140.836019, 43.194945], [140.833333, 43.194484], [140.829523, 43.193818], [140.828053, 43.193549], [140.827653, 43.193482], [140.826914, 43.193358], [140.826746, 43.193329], [140.826399, 43.193268], [140.825568, 43.193111], [140.825075, 43.193024], [140.825, 43.19301], [140.823662, 43.192775], [140.82313, 43.192681], [140.822916, 43.192643], [140.822051, 43.19249], [140.821501, 43.192391], [140.82114, 43.192329], [140.82083, 43.192266], [140.820659, 43.192236], [140.820334, 43.192198], [140.820241, 43.192185], [140.820049, 43.19216], [140.819975, 43.192149], [140.819794, 43.192124], [140.819447, 43.192079], [140.818848, 43.191992], [140.818296, 43.191933], [140.818244, 43.19193], [140.817956, 43.191915], [140.817787, 43.191918], [140.817574, 43.191922], [140.817468, 43.191924], [140.816759, 43.191941], [140.816667, 43.191943], [140.816667, 43.191943], [140.815949, 43.191961], [140.815067, 43.191983], [140.814836, 43.191989], [140.814543, 43.191997], [140.814533, 43.191997], [140.814454, 43.191999], [140.814208, 43.192005], [140.813721, 43.192018], [140.813525, 43.192024], [140.813429, 43.192026], [140.813093, 43.192036], [140.812695, 43.192049], [140.81228, 43.192057], [140.811632, 43.192078], [140.810178, 43.192111], [140.810001, 43.192115], [140.809604, 43.192126], [140.809299, 43.192133], [140.808724, 43.192151], [140.808333, 43.192158], [140.808332, 43.192158], [140.807844, 43.192171], [140.807511, 43.192179], [140.805807, 43.192227], [140.805534, 43.192231], [140.804928, 43.192251], [140.804356, 43.192267], [140.803642, 43.192289], [140.802902, 43.192306], [140.801972, 43.192323], [140.801462, 43.192337], [140.8, 43.192373], [140.79994, 43.192374], [140.799511, 43.192386], [140.798519, 43.192409], [140.79706, 43.19245], [140.795597, 43.192486], [140.794095, 43.192525], [140.793981, 43.191941], [140.793939, 43.191745], [140.79392, 43.191667], [140.793869, 43.191451], [140.793801, 43.191218], [140.793712, 43.19092], [140.793702, 43.190883], [140.793648, 43.190746], [140.793581, 43.190629], [140.793509, 43.190539], [140.793328, 43.190334], [140.793287, 43.190295], [140.792908, 43.189902], [140.792823, 43.189796], [140.792768, 43.189692], [140.792745, 43.189628], [140.792733, 43.189555], [140.792728, 43.189483], [140.792736, 43.189402], [140.792772, 43.189244], [140.792829, 43.188925], [140.792923, 43.188352], [140.793051, 43.18764], [140.793132, 43.187108], [140.7923, 43.187244], [140.79207, 43.187346], [140.791994, 43.187405], [140.791667, 43.187684], [140.791486, 43.187828], [140.791085, 43.188139], [140.790685, 43.188455], [140.790328, 43.188736], [140.789802, 43.189167], [140.789476, 43.189425], [140.7883, 43.19036], [140.788168, 43.190469], [140.786851, 43.191543], [140.786716, 43.191667], [140.786628, 43.191747], [140.786577, 43.191796], [140.786528, 43.191841], [140.786425, 43.191706], [140.786416, 43.191667], [140.786371, 43.191479], [140.786194, 43.19106], [140.786193, 43.191058], [140.78603, 43.190587], [140.785924, 43.190285], [140.785703, 43.189665], [140.785497, 43.189075], [140.785391, 43.18873], [140.785388, 43.188718], [140.785352, 43.188582], [140.785338, 43.188499], [140.785307, 43.188327], [140.785063, 43.186845], [140.785054, 43.186709]]}}, {"type": "Feature", "properties": {"profile": "car", "route": "小樽駅→余市駅", "engine": "Valhalla", "distance_km": 20.61, "duration_min": 25.7}, "geometry": {"type": "LineString", "coordinates": [[140.993818, 43.198211], [140.993807, 43.198244], [140.993807, 43.198301], [140.993786, 43.19836], [140.993722, 43.198496], [140.993373, 43.199127], [140.993355, 43.19916], [140.994007, 43.19932], [140.993916, 43.199539], [140.993756, 43.199927], [140.993728, 43.2], [140.993684, 43.200115], [140.993507, 43.20055], [140.993206, 43.201306], [140.99294, 43.201989], [140.992879, 43.202128], [140.992702, 43.202499], [140.992588, 43.202485], [140.99249, 43.202474], [140.992163, 43.202438], [140.992126, 43.202433], [140.991719, 43.202388], [140.991667, 43.202383], [140.991409, 43.20236], [140.991354, 43.202358], [140.990959, 43.202318], [140.990791, 43.202296], [140.99076, 43.202295], [140.990612, 43.202284], [140.990387, 43.202263], [140.990274, 43.202253], [140.990184, 43.202245], [140.989767, 43.202199], [140.989604, 43.202181], [140.989514, 43.202173], [140.989166, 43.202135], [140.9889, 43.202098], [140.988125, 43.202013], [140.987487, 43.202006], [140.987185, 43.20201], [140.986714, 43.202033], [140.98639, 43.202079], [140.986103, 43.20216], [140.985596, 43.20238], [140.985356, 43.202551], [140.985116, 43.202796], [140.98486, 43.203113], [140.984453, 43.203667], [140.983968, 43.204352], [140.983672, 43.204722], [140.983333, 43.205077], [140.983201, 43.205215], [140.983092, 43.205309], [140.982922, 43.205414], [140.982451, 43.205645], [140.982023, 43.205808], [140.981449, 43.20601], [140.981039, 43.206158], [140.98085, 43.206219], [140.980746, 43.206262], [140.980022, 43.206575], [140.979443, 43.206831], [140.97922, 43.206937], [140.978994, 43.207033], [140.978377, 43.207304], [140.978258, 43.207341], [140.978057, 43.207401], [140.977912, 43.207427], [140.977735, 43.207453], [140.977578, 43.207475], [140.977462, 43.207486], [140.977338, 43.207491], [140.977059, 43.207492], [140.976864, 43.207484], [140.976785, 43.207481], [140.976756, 43.207532], [140.976382, 43.207461], [140.975, 43.207119], [140.974173, 43.206888], [140.972968, 43.206696], [140.972127, 43.20658], [140.971314, 43.206547], [140.970541, 43.206586], [140.970114, 43.206625], [140.969528, 43.206703], [140.968627, 43.20689], [140.967914, 43.207088], [140.966804, 43.207453], [140.966667, 43.207531], [140.965245, 43.208333], [140.964914, 43.20852], [140.964367, 43.208927], [140.963804, 43.209423], [140.96354, 43.209795], [140.963053, 43.210423], [140.962412, 43.211242], [140.962178, 43.211556], [140.96187, 43.211914], [140.961798, 43.211985], [140.961724, 43.211944], [140.961557, 43.212106], [140.961388, 43.212266], [140.96134, 43.212311], [140.961127, 43.212485], [140.961065, 43.212536], [140.960706, 43.212824], [140.960336, 43.21307], [140.960222, 43.21314], [140.960025, 43.213244], [140.959498, 43.213522], [140.959327, 43.213622], [140.959265, 43.213657], [140.959186, 43.213703], [140.958973, 43.213826], [140.958623, 43.214052], [140.958333, 43.214257], [140.958333, 43.214257], [140.958135, 43.214394], [140.957966, 43.214514], [140.957717, 43.214723], [140.957201, 43.215232], [140.956727, 43.215741], [140.956018, 43.216474], [140.955917, 43.216578], [140.955838, 43.216667], [140.955834, 43.216671], [140.955205, 43.217344], [140.95441, 43.21819], [140.954286, 43.21832], [140.954224, 43.218384], [140.95411, 43.218496], [140.954015, 43.218593], [140.953791, 43.218765], [140.953572, 43.218888], [140.953467, 43.218944], [140.953459, 43.218948], [140.953351, 43.21901], [140.953258, 43.219043], [140.952513, 43.21931], [140.951964, 43.219481], [140.951865, 43.219517], [140.951784, 43.219543], [140.951627, 43.219595], [140.951276, 43.219724], [140.951167, 43.219768], [140.950993, 43.219829], [140.950859, 43.219866], [140.950542, 43.21994], [140.950322, 43.219978], [140.950176, 43.220002], [140.950107, 43.220005], [140.95, 43.22001], [140.949859, 43.220008], [140.949686, 43.220004], [140.949585, 43.219994], [140.949475, 43.21998], [140.949247, 43.219947], [140.94898, 43.219886], [140.948606, 43.219771], [140.9484, 43.21969], [140.948288, 43.21964], [140.948163, 43.219576], [140.948097, 43.219539], [140.947998, 43.219482], [140.947257, 43.219067], [140.947172, 43.219019], [140.947012, 43.218919], [140.946305, 43.218494], [140.946202, 43.218432], [140.946126, 43.218389], [140.9459, 43.218263], [140.945835, 43.218226], [140.945799, 43.218205], [140.945773, 43.218189], [140.945666, 43.218125], [140.94554, 43.218049], [140.944914, 43.217685], [140.944782, 43.217607], [140.944579, 43.21749], [140.944446, 43.217412], [140.944203, 43.217269], [140.944066, 43.217185], [140.944001, 43.217147], [140.943439, 43.216803], [140.943399, 43.216779], [140.943309, 43.216718], [140.943249, 43.216678], [140.943232, 43.216667], [140.943196, 43.216643], [140.943067, 43.21656], [140.943021, 43.21653], [140.942609, 43.216263], [140.942502, 43.216194], [140.942466, 43.216171], [140.942228, 43.21602], [140.942181, 43.215991], [140.942047, 43.215905], [140.94194, 43.215837], [140.941764, 43.215724], [140.941668, 43.215662], [140.941667, 43.215661], [140.941641, 43.215645], [140.941376, 43.215461], [140.941253, 43.215375], [140.941247, 43.215371], [140.941156, 43.215313], [140.941029, 43.215231], [140.940875, 43.215133], [140.940764, 43.215061], [140.940683, 43.215009], [140.940627, 43.214969], [140.940575, 43.214931], [140.940174, 43.214675], [140.940028, 43.214581], [140.939754, 43.214407], [140.939651, 43.214346], [140.939575, 43.214297], [140.93945, 43.214218], [140.939317, 43.214132], [140.939144, 43.214021], [140.939088, 43.213985], [140.939008, 43.213933], [140.938736, 43.213759], [140.938607, 43.213676], [140.938562, 43.213647], [140.938325, 43.213495], [140.937804, 43.213156], [140.937315, 43.212837], [140.936913, 43.212575], [140.936834, 43.21253], [140.936754, 43.21248], [140.936655, 43.212418], [140.936604, 43.212386], [140.935674, 43.211764], [140.935452, 43.211615], [140.935301, 43.211514], [140.935107, 43.211397], [140.93497, 43.211297], [140.934853, 43.211231], [140.934518, 43.211047], [140.934181, 43.210877], [140.933865, 43.21076], [140.933701, 43.210705], [140.933536, 43.21065], [140.933411, 43.210614], [140.933333, 43.210589], [140.93331, 43.210581], [140.933152, 43.210533], [140.932628, 43.210366], [140.932539, 43.210342], [140.932478, 43.210321], [140.932455, 43.210314], [140.932268, 43.210254], [140.930902, 43.209837], [140.930848, 43.20982], [140.930695, 43.209771], [140.929989, 43.209555], [140.928322, 43.209045], [140.92823, 43.209017], [140.928108, 43.20898], [140.928023, 43.208954], [140.927851, 43.208899], [140.927666, 43.208841], [140.927636, 43.208832], [140.92748, 43.208784], [140.92737, 43.20875], [140.927277, 43.208721], [140.927198, 43.208696], [140.927175, 43.208691], [140.927073, 43.208666], [140.926871, 43.208618], [140.926495, 43.20855], [140.926229, 43.208509], [140.926133, 43.208492], [140.926051, 43.208482], [140.925683, 43.208458], [140.925434, 43.208456], [140.92529, 43.208459], [140.925189, 43.208465], [140.925, 43.208475], [140.924985, 43.208476], [140.924229, 43.208546], [140.923294, 43.208651], [140.923196, 43.208662], [140.922924, 43.208693], [140.922693, 43.208718], [140.922574, 43.208739], [140.922386, 43.208776], [140.921996, 43.208878], [140.92172, 43.208967], [140.92165, 43.208997], [140.921506, 43.209059], [140.921305, 43.209145], [140.921137, 43.209238], [140.921033, 43.209301], [140.920996, 43.209324], [140.920897, 43.209383], [140.920753, 43.20947], [140.920122, 43.209853], [140.920061, 43.209889], [140.919642, 43.210142], [140.919424, 43.210249], [140.919336, 43.210292], [140.919273, 43.210323], [140.919262, 43.210329], [140.918887, 43.210492], [140.918551, 43.21059], [140.918415, 43.210624], [140.918203, 43.210676], [140.918114, 43.210698], [140.917885, 43.21073], [140.917705, 43.210755], [140.917318, 43.210784], [140.917092, 43.210782], [140.916749, 43.210782], [140.916667, 43.210773], [140.916444, 43.210748], [140.916153, 43.210712], [140.915955, 43.210679], [140.915834, 43.210662], [140.91485, 43.210535], [140.914619, 43.210504], [140.914177, 43.210457], [140.914057, 43.210438], [140.913959, 43.210423], [140.913613, 43.210379], [140.91328, 43.210338], [140.913147, 43.210322], [140.911837, 43.210165], [140.911769, 43.210156], [140.9117, 43.210147], [140.911598, 43.210132], [140.911496, 43.210116], [140.911438, 43.210107], [140.911428, 43.210106], [140.91136, 43.210095], [140.911258, 43.210078], [140.911156, 43.21006], [140.911055, 43.210042], [140.910954, 43.210023], [140.910841, 43.210001], [140.91074, 43.209981], [140.910639, 43.20996], [140.910539, 43.209939], [140.910439, 43.209917], [140.91034, 43.209894], [140.91024, 43.209871], [140.910174, 43.209855], [140.910075, 43.209831], [140.909976, 43.209806], [140.909878, 43.20978], [140.909812, 43.209763], [140.909747, 43.209745], [140.909573, 43.209697], [140.909475, 43.20967], [140.909377, 43.209644], [140.909311, 43.209627], [140.909246, 43.20961], [140.909147, 43.209585], [140.909081, 43.209569], [140.909015, 43.209553], [140.908948, 43.209538], [140.908882, 43.209522], [140.908782, 43.2095], [140.908715, 43.209485], [140.908649, 43.209471], [140.90857, 43.209454], [140.908503, 43.209441], [140.908436, 43.209427], [140.908368, 43.209414], [140.908333, 43.209407], [140.908301, 43.209401], [140.908234, 43.209388], [140.908166, 43.209376], [140.908099, 43.209364], [140.908031, 43.209352], [140.907963, 43.209341], [140.907895, 43.209329], [140.907827, 43.209318], [140.907759, 43.209308], [140.907657, 43.209292], [140.907588, 43.209282], [140.907486, 43.209268], [140.907383, 43.209254], [140.90728, 43.209241], [140.907212, 43.209233], [140.907109, 43.20922], [140.90704, 43.209213], [140.906937, 43.209202], [140.903342, 43.208837], [140.903201, 43.208823], [140.903094, 43.208813], [140.902988, 43.208803], [140.902881, 43.208793], [140.902775, 43.208785], [140.902668, 43.208776], [140.902561, 43.208769], [140.902454, 43.208763], [140.902399, 43.20876], [140.902343, 43.208757], [140.902259, 43.208754], [140.902175, 43.208751], [140.902119, 43.208749], [140.902063, 43.208748], [140.901978, 43.208747], [140.901922, 43.208746], [140.901866, 43.208746], [140.90181, 43.208746], [140.901754, 43.208747], [140.90167, 43.208748], [140.901585, 43.208749], [140.901529, 43.208751], [140.901473, 43.208753], [140.901417, 43.208755], [140.901361, 43.208757], [140.901277, 43.208761], [140.901108, 43.208772], [140.901014, 43.208778], [140.900943, 43.208784], [140.900872, 43.20879], [140.900765, 43.2088], [140.900694, 43.208807], [140.900588, 43.208817], [140.900446, 43.208833], [140.900269, 43.208852], [140.9, 43.208883], [140.898781, 43.209022], [140.898634, 43.209037], [140.898604, 43.209041], [140.898571, 43.209044], [140.89847, 43.209054], [140.898387, 43.209061], [140.898311, 43.209067], [140.898235, 43.209071], [140.898197, 43.209074], [140.898132, 43.209077], [140.89809, 43.209078], [140.898048, 43.20908], [140.898006, 43.209081], [140.897965, 43.209082], [140.897902, 43.209082], [140.89786, 43.209082], [140.897819, 43.209082], [140.897777, 43.209082], [140.897735, 43.209081], [140.897693, 43.20908], [140.897652, 43.209078], [140.897607, 43.209076], [140.897565, 43.209074], [140.897523, 43.209072], [140.897477, 43.209069], [140.897434, 43.209066], [140.897387, 43.209063], [140.897365, 43.209061], [140.89734, 43.209059], [140.897294, 43.209055], [140.897247, 43.20905], [140.897195, 43.209045], [140.897125, 43.209038], [140.897055, 43.20903], [140.896976, 43.20902], [140.896945, 43.209017], [140.896887, 43.209009], [140.896613, 43.208975], [140.896397, 43.208948], [140.896246, 43.20893], [140.895814, 43.208874], [140.895687, 43.208859], [140.89544, 43.208829], [140.895212, 43.208798], [140.895038, 43.208772], [140.894948, 43.208754], [140.894812, 43.208725], [140.894679, 43.208691], [140.894535, 43.208657], [140.894429, 43.208629], [140.894221, 43.208567], [140.894153, 43.208544], [140.89391, 43.20846], [140.893803, 43.208418], [140.89374, 43.208391], [140.893677, 43.208362], [140.893636, 43.208342], [140.893617, 43.208333], [140.893574, 43.208312], [140.893513, 43.208281], [140.893454, 43.20825], [140.893394, 43.208217], [140.893336, 43.208184], [140.893278, 43.20815], [140.893221, 43.208116], [140.893165, 43.208081], [140.89309, 43.208034], [140.893016, 43.207987], [140.892408, 43.207591], [140.892352, 43.207556], [140.892165, 43.207439], [140.892089, 43.207393], [140.891993, 43.207336], [140.891916, 43.207291], [140.891819, 43.207235], [140.891722, 43.20718], [140.891667, 43.20715], [140.891643, 43.207137], [140.891544, 43.207083], [140.891444, 43.20703], [140.891344, 43.206978], [140.891242, 43.206926], [140.891141, 43.206876], [140.891038, 43.206826], [140.890935, 43.206777], [140.890831, 43.206728], [140.890726, 43.20668], [140.890621, 43.206633], [140.890537, 43.206596], [140.890451, 43.20656], [140.890345, 43.206515], [140.890237, 43.206471], [140.890151, 43.206436], [140.890042, 43.206393], [140.889933, 43.206352], [140.889845, 43.206319], [140.889735, 43.206278], [140.889625, 43.206238], [140.889536, 43.206207], [140.889424, 43.206169], [140.889312, 43.206132], [140.889199, 43.206095], [140.889086, 43.206059], [140.888973, 43.206025], [140.888859, 43.20599], [140.888744, 43.205957], [140.888629, 43.205925], [140.888514, 43.205893], [140.888421, 43.205869], [140.888305, 43.205839], [140.888211, 43.205815], [140.888095, 43.205787], [140.888001, 43.205765], [140.88793, 43.205748], [140.887746, 43.205707], [140.887534, 43.205663], [140.887415, 43.20564], [140.887296, 43.205617], [140.887177, 43.205596], [140.887057, 43.205575], [140.886937, 43.205555], [140.88684, 43.205539], [140.886744, 43.205524], [140.886623, 43.205507], [140.886502, 43.20549], [140.883333, 43.205067], [140.880083, 43.204633], [140.875506, 43.204021], [140.875244, 43.203986], [140.875, 43.203951], [140.874779, 43.203921], [140.874455, 43.203865], [140.87422, 43.203822], [140.873868, 43.203745], [140.873746, 43.203713], [140.873586, 43.203668], [140.873381, 43.203605], [140.872961, 43.203465], [140.872882, 43.203439], [140.87264, 43.203345], [140.872348, 43.203223], [140.871887, 43.203001], [140.871784, 43.202952], [140.869606, 43.201915], [140.869522, 43.201873], [140.869396, 43.201808], [140.869253, 43.201734], [140.869153, 43.20168], [140.869053, 43.201626], [140.868954, 43.201571], [140.868855, 43.201516], [140.868757, 43.20146], [140.86866, 43.201403], [140.868563, 43.201346], [140.868467, 43.201289], [140.868371, 43.201231], [140.868276, 43.201172], [140.868182, 43.201113], [140.868088, 43.201053], [140.867995, 43.200993], [140.867902, 43.200933], [140.867811, 43.200871], [140.86772, 43.20081], [140.867629, 43.200747], [140.867539, 43.200684], [140.86745, 43.200621], [140.867363, 43.200559], [140.867277, 43.200501], [140.867108, 43.200372], [140.866667, 43.200012], [140.866652, 43.2], [140.866543, 43.19991], [140.866218, 43.199681], [140.865982, 43.199516], [140.865655, 43.199304], [140.865561, 43.199253], [140.865437, 43.199196], [140.865298, 43.199148], [140.865053, 43.199063], [140.864779, 43.198995], [140.864613, 43.198966], [140.864449, 43.198936], [140.864127, 43.198892], [140.862693, 43.19871], [140.862432, 43.198677], [140.862213, 43.198647], [140.861909, 43.198604], [140.861448, 43.198565], [140.861225, 43.198542], [140.860912, 43.198545], [140.860727, 43.198548], [140.860307, 43.198566], [140.85967, 43.198599], [140.859118, 43.198623], [140.858864, 43.198626], [140.858483, 43.198606], [140.858333, 43.198585], [140.858178, 43.198563], [140.857788, 43.198478], [140.857367, 43.198366], [140.856947, 43.198255], [140.856537, 43.198146], [140.856266, 43.198074], [140.855628, 43.197904], [140.855111, 43.197775], [140.854742, 43.197684], [140.854518, 43.197623], [140.854117, 43.197521], [140.853577, 43.197382], [140.852976, 43.197217], [140.852847, 43.19718], [140.852584, 43.197109], [140.852333, 43.197051], [140.852191, 43.197016], [140.851243, 43.196779], [140.850869, 43.196672], [140.850498, 43.196595], [140.850062, 43.196544], [140.85, 43.196544], [140.849659, 43.196543], [140.849475, 43.196559], [140.849305, 43.196582], [140.849159, 43.196609], [140.848983, 43.196649], [140.848818, 43.196697], [140.848542, 43.196802], [140.84829, 43.196922], [140.848112, 43.197011], [140.847973, 43.197086], [140.847895, 43.197128], [140.847713, 43.197233], [140.847331, 43.197454], [140.847263, 43.197491], [140.847096, 43.197582], [140.846901, 43.197692], [140.8468, 43.197741], [140.846601, 43.197829], [140.846188, 43.198], [140.846102, 43.198033], [140.846034, 43.198054], [140.845929, 43.198077], [140.845811, 43.198097], [140.845734, 43.198105], [140.845681, 43.19811], [140.845647, 43.198114], [140.845567, 43.198119], [140.84547, 43.198121], [140.845348, 43.198119], [140.845241, 43.198112], [140.845141, 43.198102], [140.845043, 43.198088], [140.844949, 43.198073], [140.844836, 43.198051], [140.844719, 43.19802], [140.844629, 43.197991], [140.844519, 43.197946], [140.844432, 43.197901], [140.843533, 43.197422], [140.843509, 43.197409], [140.843311, 43.197302], [140.843212, 43.197249], [140.84317, 43.197226], [140.843113, 43.197195], [140.843021, 43.197146], [140.842965, 43.197115], [140.842915, 43.197088], [140.842774, 43.197012], [140.84276, 43.197005], [140.842519, 43.196874], [140.842362, 43.196789], [140.842241, 43.196724], [140.842222, 43.196714], [140.842195, 43.196699], [140.842165, 43.196683], [140.842122, 43.196661], [140.842101, 43.19665], [140.842072, 43.196636], [140.842021, 43.19661], [140.841997, 43.196598], [140.841968, 43.196584], [140.841948, 43.196574], [140.841919, 43.19656], [140.841897, 43.19655], [140.841869, 43.196537], [140.841841, 43.196524], [140.841815, 43.196512], [140.841791, 43.196501], [140.841761, 43.196488], [140.841734, 43.196476], [140.841709, 43.196465], [140.841667, 43.196447], [140.841659, 43.196443], [140.841603, 43.19642], [140.841552, 43.196399], [140.841495, 43.196376], [140.841449, 43.196358], [140.841395, 43.196338], [140.841343, 43.196318], [140.841298, 43.196302], [140.841233, 43.196278], [140.841172, 43.196257], [140.841112, 43.196237], [140.841054, 43.196218], [140.841, 43.196201], [140.840941, 43.196182], [140.84089, 43.196167], [140.840858, 43.196157], [140.840713, 43.196115], [140.840484, 43.196048], [140.840094, 43.195932], [140.83969, 43.195816], [140.839091, 43.195642], [140.838528, 43.195477], [140.838173, 43.195377], [140.838044, 43.195341], [140.837912, 43.195308], [140.837549, 43.195227], [140.836019, 43.194945], [140.833333, 43.194484], [140.829523, 43.193818], [140.828052, 43.193549], [140.827653, 43.193482], [140.826914, 43.193357], [140.826746, 43.193329], [140.826399, 43.193268], [140.825568, 43.193111], [140.825075, 43.193024], [140.825, 43.19301], [140.823662, 43.192775], [140.82313, 43.192681], [140.822916, 43.192643], [140.822051, 43.19249], [140.821501, 43.19239], [140.82114, 43.192329], [140.82083, 43.192265], [140.820659, 43.192236], [140.820334, 43.192198], [140.820241, 43.192185], [140.820049, 43.19216], [140.819975, 43.192149], [140.819794, 43.192124], [140.819447, 43.192079], [140.818848, 43.191992], [140.818296, 43.191933], [140.818244, 43.19193], [140.817956, 43.191915], [140.817787, 43.191918], [140.817574, 43.191922], [140.817468, 43.191924], [140.816759, 43.191941], [140.816667, 43.191943], [140.816667, 43.191943], [140.815949, 43.191961], [140.815067, 43.191983], [140.814836, 43.191989], [140.814543, 43.191997], [140.814533, 43.191997], [140.814453, 43.191999], [140.814208, 43.192005], [140.813721, 43.192018], [140.813525, 43.192024], [140.813429, 43.192026], [140.813093, 43.192036], [140.812695, 43.192049], [140.81228, 43.192057], [140.811632, 43.192078], [140.810178, 43.192111], [140.810001, 43.192115], [140.809604, 43.192125], [140.809299, 43.192133], [140.808724, 43.192151], [140.808333, 43.192158], [140.808332, 43.192158], [140.807844, 43.192171], [140.807511, 43.192179], [140.805807, 43.192227], [140.805534, 43.192231], [140.804928, 43.192251], [140.804356, 43.192267], [140.803642, 43.192289], [140.802902, 43.192306], [140.801972, 43.192323], [140.801462, 43.192337], [140.8, 43.192373], [140.79994, 43.192374], [140.799511, 43.192385], [140.798519, 43.192409], [140.79706, 43.19245], [140.795597, 43.192486], [140.794095, 43.192525], [140.793981, 43.191941], [140.793939, 43.191745], [140.79392, 43.191667], [140.793869, 43.191451], [140.7938, 43.191218], [140.793712, 43.19092], [140.793702, 43.190883], [140.793648, 43.190746], [140.793581, 43.190629], [140.793509, 43.190539], [140.793328, 43.190334], [140.793287, 43.190295], [140.792907, 43.189902], [140.792823, 43.189796], [140.792768, 43.189692], [140.792745, 43.189628], [140.792733, 43.189554], [140.792728, 43.189483], [140.792736, 43.189402], [140.792772, 43.189244], [140.792829, 43.188925], [140.792923, 43.188351], [140.793051, 43.18764], [140.793132, 43.187108], [140.792299, 43.187244], [140.79207, 43.187346], [140.791994, 43.187405], [140.791667, 43.187684], [140.791486, 43.187828], [140.791085, 43.188139], [140.790685, 43.188455], [140.790328, 43.188736], [140.789802, 43.189167], [140.789476, 43.189425], [140.7883, 43.19036], [140.788168, 43.190469], [140.786851, 43.191543], [140.786716, 43.191667], [140.786628, 43.191747], [140.786577, 43.191796], [140.786528, 43.191841], [140.786425, 43.191706], [140.786415, 43.191667], [140.786371, 43.191479], [140.786194, 43.19106], [140.786193, 43.191057], [140.78603, 43.190587], [140.785924, 43.190285], [140.785703, 43.189665], [140.785497, 43.189075], [140.785391, 43.18873], [140.785388, 43.188718], [140.785352, 43.188582], [140.785338, 43.188499], [140.785307, 43.188327], [140.785063, 43.186844], [140.785054, 43.186709]]}}, {"type": "Feature", "properties": {"profile": "car", "route": "小樽駅→余市駅", "engine": "GraphHopper", "distance_km": 20.087, "duration_min": 18.4}, "geometry": {"type": "LineString", "coordinates": [[140.993818, 43.198211], [140.993808, 43.198244], [140.993808, 43.198301], [140.993722, 43.198496], [140.993355, 43.19916], [140.994007, 43.19932], [140.993507, 43.20055], [140.99294, 43.201989], [140.992702, 43.202499], [140.990791, 43.202296], [140.990274, 43.202253], [140.989166, 43.202135], [140.9889, 43.202098], [140.988125, 43.202014], [140.987487, 43.202006], [140.987185, 43.20201], [140.986714, 43.202033], [140.98639, 43.202079], [140.986103, 43.20216], [140.985596, 43.20238], [140.985356, 43.202551], [140.985117, 43.202796], [140.98486, 43.203113], [140.984453, 43.203667], [140.983968, 43.204352], [140.983672, 43.204722], [140.983201, 43.205215], [140.983092, 43.205309], [140.982922, 43.205414], [140.982451, 43.205645], [140.982023, 43.205808], [140.981039, 43.206158], [140.98085, 43.206219], [140.980022, 43.206575], [140.979443, 43.206831], [140.97922, 43.206937], [140.978377, 43.207304], [140.978057, 43.207401], [140.977735, 43.207453], [140.977462, 43.207486], [140.977059, 43.207492], [140.976786, 43.207481], [140.976756, 43.207532], [140.976382, 43.207462], [140.975, 43.207119], [140.974173, 43.206888], [140.972968, 43.206697], [140.972127, 43.20658], [140.971314, 43.206547], [140.970541, 43.206586], [140.970114, 43.206625], [140.969528, 43.206703], [140.968627, 43.20689], [140.967914, 43.207088], [140.966804, 43.207453], [140.964914, 43.20852], [140.964367, 43.208927], [140.963804, 43.209423], [140.96354, 43.209795], [140.962412, 43.211242], [140.962178, 43.211556], [140.96187, 43.211914], [140.961798, 43.211985], [140.961724, 43.211944], [140.96134, 43.212311], [140.960706, 43.212824], [140.960222, 43.21314], [140.959498, 43.213522], [140.958973, 43.213827], [140.958623, 43.214052], [140.957966, 43.214514], [140.957717, 43.214723], [140.957201, 43.215232], [140.956727, 43.215741], [140.955917, 43.216578], [140.954224, 43.218384], [140.954015, 43.218593], [140.953791, 43.218765], [140.953351, 43.21901], [140.952513, 43.21931], [140.951627, 43.219595], [140.950993, 43.219829], [140.950542, 43.219941], [140.950176, 43.220002], [140.949859, 43.220008], [140.949686, 43.220004], [140.949585, 43.219994], [140.949247, 43.219947], [140.94898, 43.219887], [140.948606, 43.219771], [140.948288, 43.21964], [140.948097, 43.21954], [140.947172, 43.219019], [140.946202, 43.218432], [140.945773, 43.21819], [140.944066, 43.217185], [140.943399, 43.216779], [140.941641, 43.215645], [140.941247, 43.215371], [140.940683, 43.215009], [140.940575, 43.214931], [140.939651, 43.214346], [140.936656, 43.212418], [140.935452, 43.211615], [140.935107, 43.211397], [140.93497, 43.211297], [140.934518, 43.211047], [140.934181, 43.210877], [140.933701, 43.210705], [140.932478, 43.210321], [140.927277, 43.208721], [140.926871, 43.208618], [140.926133, 43.208492], [140.925683, 43.208458], [140.92529, 43.208459], [140.924985, 43.208476], [140.924229, 43.208546], [140.922693, 43.208719], [140.922386, 43.208776], [140.921996, 43.208878], [140.92172, 43.208967], [140.921305, 43.209145], [140.920996, 43.209324], [140.919643, 43.210142], [140.919336, 43.210292], [140.918887, 43.210492], [140.918552, 43.21059], [140.918114, 43.210698], [140.917705, 43.210755], [140.917318, 43.210784], [140.916749, 43.210782], [140.916153, 43.210712], [140.915955, 43.210679], [140.913613, 43.210379], [140.911837, 43.210165], [140.911438, 43.210107], [140.910841, 43.210001], [140.91034, 43.209894], [140.909878, 43.20978], [140.909246, 43.20961], [140.908715, 43.209485], [140.908234, 43.209388], [140.907759, 43.209308], [140.907383, 43.209254], [140.906937, 43.209202], [140.902775, 43.208785], [140.902343, 43.208757], [140.901922, 43.208746], [140.901529, 43.208751], [140.901108, 43.208772], [140.900446, 43.208833], [140.898604, 43.209041], [140.898235, 43.209072], [140.897965, 43.209082], [140.897652, 43.209078], [140.897365, 43.209061], [140.896945, 43.209017], [140.89544, 43.208829], [140.895038, 43.208773], [140.894812, 43.208726], [140.894429, 43.208629], [140.894153, 43.208544], [140.893803, 43.208419], [140.893514, 43.208282], [140.893278, 43.20815], [140.892352, 43.207556], [140.891819, 43.207235], [140.891344, 43.206978], [140.890831, 43.206728], [140.890452, 43.20656], [140.890151, 43.206436], [140.889536, 43.206207], [140.888859, 43.205991], [140.888514, 43.205893], [140.888095, 43.205787], [140.887416, 43.20564], [140.887057, 43.205575], [140.886623, 43.205507], [140.874779, 43.203921], [140.87422, 43.203822], [140.873746, 43.203713], [140.873381, 43.203606], [140.872961, 43.203465], [140.87264, 43.203345], [140.872348, 43.203223], [140.869522, 43.201873], [140.868954, 43.201571], [140.868371, 43.201231], [140.867902, 43.200933], [140.867277, 43.200501], [140.867108, 43.200372], [140.866543, 43.19991], [140.865982, 43.199516], [140.865655, 43.199304], [140.865437, 43.199196], [140.865053, 43.199063], [140.864779, 43.198995], [140.864449, 43.198936], [140.861909, 43.198604], [140.861225, 43.198542], [140.860307, 43.198566], [140.859118, 43.198623], [140.858864, 43.198626], [140.858483, 43.198606], [140.858178, 43.198563], [140.857788, 43.198478], [140.855628, 43.197904], [140.853577, 43.197382], [140.852584, 43.197109], [140.851243, 43.196779], [140.850869, 43.196673], [140.850498, 43.196595], [140.850062, 43.196544], [140.849659, 43.196543], [140.849475, 43.196559], [140.849159, 43.196609], [140.848983, 43.196649], [140.848818, 43.196697], [140.848542, 43.196802], [140.848112, 43.197011], [140.846901, 43.197692], [140.846601, 43.197829], [140.846102, 43.198033], [140.845929, 43.198077], [140.845681, 43.198111], [140.84547, 43.198122], [140.845349, 43.198119], [140.845044, 43.198088], [140.844836, 43.198051], [140.844719, 43.19802], [140.844519, 43.197946], [140.841997, 43.196598], [140.841667, 43.196447], [140.841449, 43.196358], [140.841172, 43.196257], [140.840891, 43.196167], [140.838528, 43.195477], [140.838044, 43.195341], [140.837549, 43.195227], [140.836019, 43.194945], [140.833333, 43.194484], [140.829523, 43.193818], [140.828053, 43.193549], [140.826746, 43.193329], [140.825568, 43.193111], [140.82114, 43.192329], [140.820659, 43.192236], [140.819447, 43.192079], [140.818848, 43.191992], [140.818296, 43.191933], [140.817956, 43.191915], [140.817468, 43.191924], [140.805534, 43.192231], [140.802902, 43.192306], [140.801972, 43.192323], [140.794095, 43.192525], [140.793098, 43.192557], [140.792702, 43.192593], [140.792226, 43.192671], [140.791843, 43.192758], [140.790947, 43.193021], [140.787411, 43.194024], [140.787155, 43.193689], [140.787042, 43.193568], [140.786958, 43.193493], [140.786722, 43.193345], [140.786212, 43.193086], [140.785974, 43.192996], [140.785772, 43.192897], [140.786037, 43.192475], [140.78622, 43.192206], [140.786428, 43.191936], [140.786528, 43.191841], [140.786425, 43.191706], [140.786371, 43.191479], [140.786194, 43.19106], [140.785497, 43.189075], [140.785388, 43.188718], [140.785352, 43.188582], [140.785307, 43.188327], [140.785063, 43.186845], [140.785055, 43.186708]]}}, {"type": "Feature", "properties": {"profile": "car", "route": "大通公園→北大", "engine": "OSRM", "distance_km": 1.982, "duration_min": 3.4}, "geometry": {"type": "LineString", "coordinates": [[141.356834, 43.061044], [141.356713, 43.06153], [141.356439, 43.062691], [141.35615, 43.063833], [141.355847, 43.065016], [141.355547, 43.066228], [141.355425, 43.066667], [141.355423, 43.066673], [141.355233, 43.067386], [141.354958, 43.068591], [141.354939, 43.068666], [141.354938, 43.068669], [141.354837, 43.069081], [141.354693, 43.069693], [141.35455, 43.070265], [141.354411, 43.07083], [141.353605, 43.070723], [141.35278, 43.070617], [141.351204, 43.070402], [141.350695, 43.070333], [141.350447, 43.070299], [141.35, 43.070238], [141.349643, 43.070189], [141.348087, 43.069975], [141.346532, 43.069763], [141.345098, 43.069569], [141.345046, 43.069562], [141.344925, 43.070126], [141.344851, 43.070468]]}}, {"type": "Feature", "properties": {"profile": "car", "route": "大通公園→北大", "engine": "Valhalla", "distance_km": 1.981, "duration_min": 6.7}, "geometry": {"type": "LineString", "coordinates": [[141.356834, 43.061044], [141.356713, 43.06153], [141.356439, 43.062691], [141.354865, 43.062472], [141.354042, 43.062365], [141.353859, 43.062339], [141.35328, 43.062258], [141.351712, 43.062045], [141.351684, 43.062163], [141.35157, 43.062622], [141.351463, 43.063066], [141.351431, 43.063193], [141.351405, 43.063296], [141.351167, 43.064221], [141.351132, 43.064371], [141.3511, 43.064497], [141.350976, 43.064977], [141.350859, 43.065441], [141.350829, 43.065566], [141.350797, 43.065696], [141.350669, 43.066182], [141.350558, 43.066641], [141.350552, 43.066667], [141.350531, 43.066752], [141.35, 43.066682], [141.349884, 43.066667], [141.348953, 43.066543], [141.348922, 43.066667], [141.348643, 43.067777], [141.348635, 43.06781], [141.348382, 43.068818], [141.346821, 43.068623], [141.34669, 43.069146], [141.346676, 43.069205], [141.346663, 43.069257], [141.346532, 43.069763], [141.345098, 43.069569], [141.345046, 43.069561], [141.344925, 43.070126], [141.344851, 43.070468]]}}, {"type": "Feature", "properties": {"profile": "car", "route": "大通公園→北大", "engine": "GraphHopper", "distance_km": 1.98, "duration_min": 2.9}, "geometry": {"type": "LineString", "coordinates": [[141.356834, 43.061044], [141.356439, 43.062691], [141.355547, 43.066228], [141.355233, 43.067386], [141.354938, 43.068669], [141.354411, 43.07083], [141.35278, 43.070617], [141.348087, 43.069975], [141.347937, 43.070538], [141.3478, 43.070511], [141.344925, 43.070126], [141.344851, 43.070468]]}}, {"type": "Feature", "properties": {"profile": "foot", "route": "大通公園→北大", "engine": "OSRM", "distance_km": 2.061, "duration_min": 24.7}, "geometry": {"type": "LineString", "coordinates": [[141.356834, 43.061044], [141.356713, 43.06153], [141.355588, 43.061378], [141.355173, 43.061325], [141.355089, 43.061638], [141.354865, 43.062472], [141.354593, 43.063624], [141.353764, 43.063511], [141.352993, 43.063408], [141.35225, 43.063306], [141.351431, 43.063193], [141.35, 43.063006], [141.349868, 43.062989], [141.349574, 43.064162], [141.349297, 43.064116], [141.349186, 43.0641], [141.349157, 43.064147], [141.349098, 43.064179], [141.349023, 43.064206], [141.348505, 43.064334], [141.348323, 43.064411], [141.34811, 43.064587], [141.347784, 43.064874], [141.347815, 43.064897], [141.347833, 43.06492], [141.347844, 43.064948], [141.34785, 43.064975], [141.347852, 43.065004], [141.347849, 43.065039], [141.347819, 43.065171], [141.347701, 43.065156], [141.347546, 43.065764], [141.347398, 43.066328], [141.347312, 43.066667], [141.347109, 43.067464], [141.347109, 43.067471], [141.346969, 43.068042], [141.346821, 43.068623], [141.34669, 43.069147], [141.346676, 43.069205], [141.346663, 43.069257], [141.346532, 43.069763], [141.346395, 43.070325], [141.346302, 43.070707], [141.346241, 43.070954], [141.34614, 43.070961], [141.345987, 43.07098], [141.345436, 43.071137], [141.34511, 43.071229], [141.344979, 43.071257], [141.344716, 43.071278], [141.344633, 43.071277], [141.3445, 43.071263], [141.344353, 43.071229], [141.344244, 43.071189], [141.344209, 43.071176], [141.344188, 43.071254], [141.34411, 43.071544]]}}, {"type": "Feature", "properties": {"profile": "foot", "route": "大通公園→北大", "engine": "Valhalla", "distance_km": 2.06, "duration_min": 24.4}, "geometry": {"type": "LineString", "coordinates": [[141.356834, 43.061044], [141.356713, 43.06153], [141.355588, 43.061378], [141.355173, 43.061325], [141.355089, 43.061638], [141.354865, 43.062472], [141.354042, 43.062365], [141.353859, 43.062339], [141.35328, 43.062258], [141.353137, 43.062819], [141.353131, 43.062842], [141.35205, 43.06269], [141.35157, 43.062622], [141.351463, 43.063066], [141.351431, 43.063193], [141.35, 43.063006], [141.349868, 43.062988], [141.349574, 43.064162], [141.349297, 43.064116], [141.349186, 43.0641], [141.349157, 43.064146], [141.349098, 43.064179], [141.349023, 43.064206], [141.348505, 43.064334], [141.348323, 43.064411], [141.34811, 43.064587], [141.347784, 43.064874], [141.347815, 43.064897], [141.347833, 43.06492], [141.347844, 43.064948], [141.34785, 43.064975], [141.347852, 43.065004], [141.347849, 43.065039], [141.347819, 43.065171], [141.347701, 43.065156], [141.347546, 43.065764], [141.347398, 43.066328], [141.347312, 43.066667], [141.347109, 43.067464], [141.347109, 43.067471], [141.346969, 43.068042], [141.346821, 43.068623], [141.34669, 43.069146], [141.346676, 43.069205], [141.346663, 43.069257], [141.346532, 43.069763], [141.346395, 43.070325], [141.346301, 43.070707], [141.346241, 43.070953], [141.34614, 43.070961], [141.345987, 43.07098], [141.345436, 43.071137], [141.34511, 43.071229], [141.344979, 43.071257], [141.344716, 43.071278], [141.344633, 43.071277], [141.3445, 43.071263], [141.344353, 43.071229], [141.344244, 43.071189], [141.344209, 43.071176], [141.344188, 43.071254], [141.34411, 43.071544]]}}, {"type": "Feature", "properties": {"profile": "foot", "route": "大通公園→北大", "engine": "GraphHopper", "distance_km": 2.06, "duration_min": 24.7}, "geometry": {"type": "LineString", "coordinates": [[141.356834, 43.061044], [141.356713, 43.06153], [141.355173, 43.061325], [141.354865, 43.062472], [141.354593, 43.063624], [141.351431, 43.063193], [141.349868, 43.062989], [141.349574, 43.064162], [141.349186, 43.0641], [141.349157, 43.064147], [141.349098, 43.064179], [141.349023, 43.064206], [141.348505, 43.064334], [141.348323, 43.064411], [141.347784, 43.064874], [141.347833, 43.06492], [141.34785, 43.064975], [141.347849, 43.065039], [141.347819, 43.065171], [141.347701, 43.065156], [141.347109, 43.067464], [141.346241, 43.070954], [141.345987, 43.07098], [141.34511, 43.071229], [141.344979, 43.071257], [141.344716, 43.071278], [141.344633, 43.071277], [141.3445, 43.071263], [141.344353, 43.071229], [141.344209, 43.071176], [141.34411, 43.071544]]}}, {"type": "Feature", "properties": {"profile": "foot", "route": "札幌駅→すすきの", "engine": "OSRM", "distance_km": 2.065, "duration_min": 24.8}, "geometry": {"type": "LineString", "coordinates": [[141.350681, 43.069082], [141.350752, 43.069091], [141.350611, 43.069649], [141.350525, 43.06999], [141.350447, 43.070299], [141.35, 43.070238], [141.349643, 43.070189], [141.349734, 43.069811], [141.349785, 43.069631], [141.349887, 43.069247], [141.349865, 43.069172], [141.349833, 43.069122], [141.349821, 43.069104], [141.349744, 43.069046], [141.349617, 43.069], [141.348382, 43.068818], [141.348635, 43.06781], [141.348643, 43.067777], [141.348922, 43.066667], [141.348953, 43.066543], [141.349101, 43.065971], [141.349271, 43.06536], [141.349574, 43.064162], [141.349868, 43.062989], [141.35, 43.062434], [141.350143, 43.061834], [141.350439, 43.060685], [141.350493, 43.060469], [141.350576, 43.06014], [141.350629, 43.059928], [141.350778, 43.059358], [141.350926, 43.05879], [141.351061, 43.058333], [141.351094, 43.058221], [141.351238, 43.057642], [141.35139, 43.057055], [141.351504, 43.056615], [141.351525, 43.056489], [141.351541, 43.056394], [141.351663, 43.055915], [141.351723, 43.055652], [141.351773, 43.05545], [141.352968, 43.055619]]}}, {"type": "Feature", "properties": {"profile": "foot", "route": "札幌駅→すすきの", "engine": "Valhalla", "distance_km": 2.005, "duration_min": 23.7}, "geometry": {"type": "LineString", "coordinates": [[141.350681, 43.069082], [141.350752, 43.069091], [141.351621, 43.069215], [141.351719, 43.069305], [141.351832, 43.06931], [141.352942, 43.069454], [141.353089, 43.069477], [141.353121, 43.069382], [141.353364, 43.068444], [141.353676, 43.067176], [141.35382, 43.066667], [141.353985, 43.066009], [141.354286, 43.064805], [141.353459, 43.064696], [141.353764, 43.063511], [141.353902, 43.062942], [141.354042, 43.062365], [141.353859, 43.062339], [141.35328, 43.062258], [141.353412, 43.061744], [141.353577, 43.061105], [141.3536, 43.06101], [141.353628, 43.060898], [141.353708, 43.060562], [141.353757, 43.060368], [141.352205, 43.06014], [141.352227, 43.060054], [141.35234, 43.059612], [141.35235, 43.05957], [141.352364, 43.059518], [141.352466, 43.059101], [141.352488, 43.059006], [141.352518, 43.058887], [141.352616, 43.058487], [141.352634, 43.058414], [141.352646, 43.05837], [141.352655, 43.058333], [141.352756, 43.057925], [141.352774, 43.057853], [141.352792, 43.057785], [141.352908, 43.057329], [141.352926, 43.057261], [141.352935, 43.057223], [141.353043, 43.056787], [141.353064, 43.056705], [141.353082, 43.056634], [141.353196, 43.056177], [141.353206, 43.056134], [141.353217, 43.056089], [141.353287, 43.055814], [141.353325, 43.05567], [141.352968, 43.055619]]}}, {"type": "Feature", "properties": {"profile": "foot", "route": "札幌駅→すすきの", "engine": "GraphHopper", "distance_km": 2.066, "duration_min": 24.8}, "geometry": {"type": "LineString", "coordinates": [[141.350681, 43.069082], [141.350752, 43.069091], [141.350447, 43.070299], [141.349643, 43.070189], [141.349734, 43.069811], [141.349887, 43.069247], [141.349865, 43.069172], [141.349821, 43.069104], [141.349744, 43.069046], [141.349617, 43.069], [141.348382, 43.068818], [141.348953, 43.066543], [141.349271, 43.06536], [141.349574, 43.064162], [141.349868, 43.062989], [141.350143, 43.061834], [141.350629, 43.059928], [141.350926, 43.05879], [141.351094, 43.058221], [141.351504, 43.056615], [141.351541, 43.056394], [141.351773, 43.05545], [141.352968, 43.055619]]}}, {"type": "Feature", "properties": {"profile": "foot", "route": "小樽駅→小樽運河", "engine": "OSRM", "distance_km": 0.887, "duration_min": 10.7}, "geometry": {"type": "LineString", "coordinates": [[140.993788, 43.198126], [140.993818, 43.198211], [140.993808, 43.198244], [140.993808, 43.198301], [140.993786, 43.19836], [140.993722, 43.198496], [140.993373, 43.199127], [140.993355, 43.19916], [140.994007, 43.19932], [140.994139, 43.199366], [140.994755, 43.199528], [140.995455, 43.199694], [140.996264, 43.199889], [140.996666, 43.2], [140.99672, 43.200015], [140.997385, 43.200198], [140.998107, 43.200404], [140.998267, 43.20045], [140.99919, 43.200714], [140.999387, 43.200386], [140.999587, 43.200053], [140.999624, 43.2], [140.999663, 43.199945], [140.999927, 43.199528], [141, 43.199551], [141.000126, 43.199592], [141.000141, 43.199596], [141.000488, 43.199708], [141.000559, 43.199731], [141.000884, 43.199258]]}}, {"type": "Feature", "properties": {"profile": "foot", "route": "小樽駅→小樽運河", "engine": "Valhalla", "distance_km": 0.689, "duration_min": 8.2}, "geometry": {"type": "LineString", "coordinates": [[140.993788, 43.198126], [140.993818, 43.198211], [140.994197, 43.198317], [140.994274, 43.198338], [140.99442, 43.198373], [140.994586, 43.197992], [140.994828, 43.198043], [140.995253, 43.198148], [140.995299, 43.198161], [140.9954, 43.198187], [140.995579, 43.198238], [140.995641, 43.198256], [140.9957, 43.198273], [140.995925, 43.198341], [140.996007, 43.198368], [140.996094, 43.198394], [140.996714, 43.198573], [140.996772, 43.198588], [140.996881, 43.19862], [140.99721, 43.198708], [140.997288, 43.198729], [140.997375, 43.198757], [140.997414, 43.198768], [140.997998, 43.198942], [140.998082, 43.198968], [140.998135, 43.198982], [140.998685, 43.199145], [140.998838, 43.199192], [140.998923, 43.199215], [140.999014, 43.199243], [140.999839, 43.199498], [140.999927, 43.199528], [141.0, 43.199551], [141.000126, 43.199592], [141.000141, 43.199595], [141.000488, 43.199708], [141.000559, 43.199731], [141.000884, 43.199258]]}}, {"type": "Feature", "properties": {"profile": "foot", "route": "小樽駅→小樽運河", "engine": "GraphHopper", "distance_km": 0.687, "duration_min": 8.2}, "geometry": {"type": "LineString", "coordinates": [[140.993788, 43.198126], [140.993818, 43.198211], [140.99442, 43.198373], [140.994586, 43.197992], [140.994828, 43.198043], [140.995299, 43.198161], [140.996772, 43.198589], [140.99721, 43.198709], [140.998923, 43.199215], [141.000559, 43.199731], [141.000884, 43.199258]]}}]}